<?xml version="1.0"?>
<module><meta><versionid>20151115080237</versionid><priority>7</priority><server>http://demo.oppia-mobile.org/</server><title lang="ur">&#x645;&#x634;&#x627;&#x648;&#x631;&#x62A;&#x6CC; &#x6A9;&#x627;&#x631;&#x688;&#x632;</title><title lang="en">Illustrations</title><shortname>illustration</shortname><description lang="ur">&#x645;&#x634;&#x627;&#x648;&#x631;&#x62A;&#x6CC; &#x6A9;&#x627;&#x631;&#x688;&#x632;</description><description lang="en">Illustrations</description><langs><lang>ur</lang><lang>en</lang></langs></meta><structure><section order="1"><title lang="ur">&#x645;&#x634;&#x627;&#x648;&#x631;&#x62A;&#x6CC; &#x6A9;&#x627;&#x631;&#x688;&#x632;</title><title lang="en">Illustrations</title><activities><activity type="page" order="1" digest="e71bc224aa923c379f384abed8876b6e26047"><title lang="ur">&#x645;&#x634;&#x627;&#x648;&#x631;&#x62A;&#x6CC; &#x6A9;&#x627;&#x631;&#x688;&#x632;</title><title lang="en">Illustrations</title><location lang="ur">01_26047_ur.html</location><location lang="en">01_26047_en.html</location></activity></activities></section></structure></module>
