<?xml version="1.0"?>
<module><meta><versionid>20151113122713</versionid><priority>7</priority><server>http://demo.oppia-mobile.org/</server><title lang="ur">&#x645;&#x634;&#x627;&#x648;&#x631;&#x62A;&#x6CC; &#x6A9;&#x627;&#x631;&#x688;&#x632;</title><title lang="en">Illustrations</title><shortname>illustrations</shortname><description lang="en"></description><langs><lang>ur</lang><lang>en</lang></langs></meta><structure><section order="1"><title lang="ur">&#x645;&#x634;&#x627;&#x648;&#x631;&#x62A;&#x6CC; &#x6A9;&#x627;&#x631;&#x688;&#x632;</title><title lang="en">Illustrations</title><activities><activity type="resource" order="1" digest="2734480a50ee2872a9cf93056ccd6cfc22686"><title lang="ur">&#x67E;&#x622;&#x626;&#x6CC; &#x67E;&#x6CC; &#x633;&#x6CC; &#x679;&#x648;&#x644;&#x6A9;&#x650;&#x679;</title><title lang="en">IPC Toolkit</title><description lang="ur">IPC Toolkit       &#x67E;&#x622;&#x626;&#x6CC; &#x67E;&#x6CC; &#x633;&#x6CC; &#x679;&#x648;&#x644;&#x6A9;&#x650;&#x679;</description><description lang="en">IPC Toolkit       &#x67E;&#x622;&#x626;&#x6CC; &#x67E;&#x6CC; &#x633;&#x6CC; &#x679;&#x648;&#x644;&#x6A9;&#x650;&#x679;</description><location lang="en" type="application/pdf">/resources/IPC Toolkit</location></activity></activities></section></structure></module>
