<?xml version="1.0"?>
<module><meta><versionid>20151104081009</versionid><priority>6</priority><server>http://demo.oppia-mobile.org/</server><title lang="ur">&#x645;&#x648;&#x628;&#x627;&#x626;&#x644; &#x6A9;&#x6D2; &#x632;&#x631;&#x6CC;&#x639;&#x6D2; &#x645;&#x634;&#x627;&#x648;&#x631;&#x62A;</title><title lang="en">mCounseling</title><shortname>mcounseling</shortname><description lang="en"></description><langs><lang>ur</lang><lang>en</lang></langs></meta><structure><section order="1"><title lang="ur">&#x62A;&#x67E;&#x62F;&#x627;&#x626;&#x634; &#x645;&#x6CC;&#x6BA; &#x648;&#x642;&#x641;&#x6C1;</title><title lang="en">Birth Spacing</title><activities><activity type="page" order="1" digest="601fe8e406a8f31c336e16f57f287ab521391"><title lang="ur">&#x627;&#x6C1;&#x645;&#x6CC;&#x62A;</title><title lang="en">Importance</title><image filename="/images/21391.png"/><location lang="en">01_21391_en.html</location></activity><activity type="page" order="2" digest="cc3fadba3982569dc3f30e80ab6ddd5321382"><title lang="ur">&#x648;&#x632;&#x679; &#x6A9;&#x6D2; &#x645;&#x642;&#x627;&#x635;&#x62F;</title><title lang="en">Purpose of Visit</title><image filename="/images/21382.png"/><location lang="en">01_21382_en.html</location></activity><activity type="page" order="3" digest="f4c051cf4b233f75b357152396ce19f621384"><title lang="ur">&#x645;&#x6CC;&#x633;&#x62C; &#x6A9;&#x6CC; &#x6CC;&#x627;&#x62F;&#x62F;&#x6C1;&#x627;&#x646;&#x6CC;</title><title lang="en">Reinforcement of Desired Behavior</title><image filename="/images/21384.png"/><location lang="en">01_21384_en.html</location></activity><activity type="page" order="4" digest="a3a92c6d57f1d738f5f158e9942a1d3821386"><title lang="ur">&#x648;&#x6CC;&#x688;&#x6CC;&#x648;</title><title lang="en">Reinforcement Video</title><media><file filename="Family_planning_1.mp4" download_url="https://s3-eu-west-1.amazonaws.com/oppia-pak-beehyv/Family_planning_1.mp4" digest="bccdfe1885c6a5335a69cbbaaddc2274" filesize="1749852" length="34"/><file filename="Family_planning_2.mp4" download_url="https://s3-eu-west-1.amazonaws.com/oppia-pak-beehyv/Family_planning_2.mp4" digest="4a02d284337bb01f294b8316f6bfd32b" filesize="5262516" length="67"/></media><location lang="en">01_21386_en.html</location></activity></activities></section><section order="2"><title lang="ur">&#x62F;&#x648;&#x631;&#x627;&#x646; &#x650;&#x62D;&#x645;&#x644; &#x645;&#x639;&#x627;&#x626;&#x646;&#x6C1;</title><title lang="en">ANC Visit</title><activities><activity type="page" order="1" digest="e4d81127f81ba77511f1069c84a6d68521370"><title lang="ur">&#x627;&#x6C1;&#x645;&#x6CC;&#x62A;</title><title lang="en">Importance</title><image filename="/images/21370.png"/><location lang="en">02_21370_en.html</location></activity><activity type="page" order="2" digest="3d75e70ecb522bda8222f13e98beebd921404"><title lang="ur">&#x648;&#x632;&#x679; &#x6A9;&#x6D2; &#x645;&#x642;&#x627;&#x635;&#x62F;</title><title lang="en">Purpose of Visit</title><image filename="/images/21404.png"/><location lang="en">02_21404_en.html</location></activity><activity type="page" order="3" digest="88c0e6a8cc24a9fdfa1a55b93986c71721395"><title lang="ur">&#x645;&#x6CC;&#x633;&#x62C; &#x6A9;&#x6CC; &#x6CC;&#x627;&#x62F;&#x62F;&#x6C1;&#x627;&#x646;&#x6CC;</title><title lang="en">Reinforcement of Desired Behavior</title><image filename="/images/21395.png"/><location lang="en">02_21395_en.html</location></activity><activity type="page" order="4" digest="864ddf1d88f548e54b67e6bdff40e62021373"><title lang="ur">&#x648;&#x6CC;&#x688;&#x6CC;&#x648;</title><title lang="en">Reinforcement Video</title><media><file filename="PAIMAN_antenatal.mp4" download_url="https://s3-eu-west-1.amazonaws.com/oppia-pak-beehyv/PAIMAN_antenatal.mp4" digest="bc6c60ebd38309eb7bec6be7ed5c7d12" filesize="3478502" length="41"/></media><location lang="en">02_21373_en.html</location></activity></activities></section><section order="3"><title lang="ur">&#x62F;&#x648;&#x631;&#x627;&#x646; &#x650;&#x62D;&#x645;&#x644; &#x645;&#x639;&#x627;&#x626;&#x646;&#x6D2; &#x6A9;&#x6CC; &#x62A;&#x641;&#x635;&#x6CC;&#x644;&#x627;&#x62A;</title><title lang="en">Components of an ANC Visit</title><activities><activity type="page" order="1" digest="1efcfdc16fb9cf5410dd2465e0deb73525803"><title lang="ur">&#x627;&#x6C1;&#x645;&#x6CC;&#x62A;</title><title lang="en">Importance</title><image filename="/images/25803.png"/><location lang="en">03_25803_en.html</location></activity><activity type="page" order="2" digest="5fe919c475d2110ebc26d58620d5571525804"><title lang="ur">&#x648;&#x632;&#x679; &#x6A9;&#x6D2; &#x645;&#x642;&#x627;&#x635;&#x62F;</title><title lang="en">Purpose of Visit</title><image filename="/images/25804.png"/><location lang="en">03_25804_en.html</location></activity><activity type="page" order="3" digest="0d0a7da22793638990d75eec9086953d25808"><title lang="ur">&#x645;&#x6CC;&#x633;&#x62C; &#x6A9;&#x6CC; &#x6CC;&#x627;&#x62F;&#x62F;&#x6C1;&#x627;&#x646;&#x6CC;</title><title lang="en">Reinforcement of Desired Behavior</title><image filename="/images/25808.png"/><location lang="en">03_25808_en.html</location></activity></activities></section><section order="4"><title lang="ur">&#x63A;&#x630;&#x627;&#x60C; &#x641;&#x648;&#x644;&#x6A9; &#x627;&#x6CC;&#x633;&#x688; &#x627;&#x648;&#x631; &#x641;&#x648;&#x644;&#x627;&#x62F;</title><title lang="en">Nutrition, Iron and Folic Acid</title><activities><activity type="page" order="1" digest="d5dffdae52620d3a9c57b602ec8a753725806"><title lang="ur">&#x627;&#x6C1;&#x645;&#x6CC;&#x62A;</title><title lang="en">Importance</title><image filename="/images/25806.png"/><location lang="en">04_25806_en.html</location></activity><activity type="page" order="2" digest="ba3016cd9172dd2c3faf218c78df9d1925807"><title lang="ur">&#x648;&#x632;&#x679; &#x6A9;&#x6D2; &#x645;&#x642;&#x627;&#x635;&#x62F;</title><title lang="en">Purpose of Visit</title><image filename="/images/25807.png"/><location lang="en">04_25807_en.html</location></activity><activity type="page" order="3" digest="9acc94a9e26b56bd33e1c1fe704ef90125805"><title lang="ur">&#x645;&#x6CC;&#x633;&#x62C; &#x6A9;&#x6CC; &#x6CC;&#x627;&#x62F;&#x62F;&#x6C1;&#x627;&#x646;&#x6CC;</title><title lang="en">Reinforcement of Desired Behavior</title><image filename="/images/25805.png"/><location lang="en">04_25805_en.html</location></activity></activities></section><section order="5"><title lang="ur">&#x62F;&#x648;&#x631;&#x627;&#x646;&#x650; &#x62D;&#x645;&#x644; &#x62E;&#x637;&#x631;&#x6D2; &#x6A9;&#x6D2; &#x639;&#x644;&#x627;&#x645;&#x627;&#x62A;</title><title lang="en">Danger Signs during Pregnancy</title><activities><activity type="page" order="1" digest="252901bf6f2e6656a1cd1678f6e2bc6c25809"><title lang="ur">&#x627;&#x6C1;&#x645;&#x6CC;&#x62A;</title><title lang="en">Importance</title><image filename="/images/25809.png"/><location lang="en">05_25809_en.html</location></activity><activity type="page" order="2" digest="35704524f5989a8fe370075f785503e325810"><title lang="ur">&#x648;&#x632;&#x679; &#x6A9;&#x6D2; &#x645;&#x642;&#x627;&#x635;&#x62F;</title><title lang="en">Purpose of Visit</title><image filename="/images/25810.png"/><location lang="en">05_25810_en.html</location></activity><activity type="page" order="3" digest="77daf3b2f3bc8a6092c9cf74233557fc25811"><title lang="ur">&#x645;&#x6CC;&#x633;&#x62C; &#x6A9;&#x6CC; &#x6CC;&#x627;&#x62F;&#x62F;&#x6C1;&#x627;&#x646;&#x6CC;</title><title lang="en">Reinforcement of Desired Behavior</title><image filename="/images/25811.png"/><location lang="en">05_25811_en.html</location></activity></activities></section><section order="6"><title lang="ur">&#x645;&#x627;&#x6BE;&#x631;&#x650; &#x632;&#x686;&#x6AF;&#x6CC; &#x6A9;&#x6CC; &#x627;&#x6C1;&#x645;&#x6CC;&#x62A;</title><title lang="en">Importance of Skilled Birth Attendant</title><activities><activity type="page" order="1" digest="a6a9dcc0dd2bbfc2f976e6a96d02f42225812"><title lang="ur">&#x627;&#x6C1;&#x645;&#x6CC;&#x62A;</title><title lang="en">Importance</title><image filename="/images/25812.png"/><location lang="en">06_25812_en.html</location></activity><activity type="page" order="2" digest="07a292bd5b9ca9ddee2e407957db60a525813"><title lang="ur">&#x648;&#x632;&#x679; &#x6A9;&#x6D2; &#x645;&#x642;&#x627;&#x635;&#x62F;</title><title lang="en">Purpose of Visit</title><image filename="/images/25813.png"/><location lang="en">06_25813_en.html</location></activity><activity type="page" order="3" digest="725e0fbb6c1ad8575790c936d4a9251225814"><title lang="ur">&#x645;&#x6CC;&#x633;&#x62C; &#x6A9;&#x6CC; &#x6CC;&#x627;&#x62F;&#x62F;&#x6C1;&#x627;&#x646;&#x6CC;</title><title lang="en">Reinforcement of Desired Behavior</title><image filename="/images/25814.png"/><location lang="en">06_25814_en.html</location></activity></activities></section><section order="7"><title lang="ur">&#x62A;&#x6CC;&#x646; &#x62A;&#x627;&#x62E;&#x6CC;&#x631;&#x6CC;&#x6BA;</title><title lang="en">Three Delays</title><activities><activity type="page" order="1" digest="dea43611f881b6a5d55ce14c4275de7125815"><title lang="ur">&#x627;&#x6C1;&#x645;&#x6CC;&#x62A;</title><title lang="en">Importance</title><image filename="/images/25815.png"/><location lang="en">07_25815_en.html</location></activity><activity type="page" order="2" digest="5e594461077f7640d15f7aa79a9a9d4a25816"><title lang="ur">&#x648;&#x632;&#x679; &#x6A9;&#x6D2; &#x645;&#x642;&#x627;&#x635;&#x62F;</title><title lang="en">Purpose of Visit</title><image filename="/images/25816.png"/><location lang="en">07_25816_en.html</location></activity><activity type="page" order="3" digest="12c3eb6fc569dd499ce752be834b0acf25817"><title lang="ur">&#x645;&#x6CC;&#x633;&#x62C; &#x6A9;&#x6CC; &#x6CC;&#x627;&#x62F;&#x62F;&#x6C1;&#x627;&#x646;&#x6CC;</title><title lang="en">Reinforcement of Desired Behavior</title><image filename="/images/25817.png"/><location lang="en">07_25817_en.html</location></activity></activities></section><section order="8"><title lang="ur">&#x62E;&#x637;&#x631;&#x6D2; &#x6A9;&#x6D2; &#x639;&#x644;&#x627;&#x645;&#x627;&#x62A;</title><title lang="en">Danger signs during Delivery</title><activities><activity type="page" order="1" digest="35d421895f89947500d8e124284f183f21387"><title lang="ur">&#x627;&#x6C1;&#x645;&#x6CC;&#x62A;</title><title lang="en">Importance</title><image filename="/images/21387.png"/><location lang="en">08_21387_en.html</location></activity><activity type="page" order="2" digest="640047c0695e86f2c571359da1838abc21388"><title lang="ur">&#x648;&#x632;&#x679; &#x6A9;&#x6D2; &#x645;&#x642;&#x627;&#x635;&#x62F;</title><title lang="en">Purpose of Visit</title><image filename="/images/21388.png"/><location lang="en">08_21388_en.html</location></activity><activity type="page" order="3" digest="d28b9e8877c2a2e0cbf9d7cd8cfb3e1d21389"><title lang="ur">&#x645;&#x6CC;&#x633;&#x62C; &#x6A9;&#x6CC; &#x6CC;&#x627;&#x62F;&#x62F;&#x6C1;&#x627;&#x646;&#x6CC;</title><title lang="en">Reinforcement of Desired Behavior</title><image filename="/images/21389.png"/><location lang="en">08_21389_en.html</location></activity></activities></section><section order="9"><title lang="ur">&#x627;&#x628;&#x62A;&#x62F;&#x627;&#x626; &#x645;&#x639;&#x627;&#x626;&#x646;&#x6C1;</title><title lang="en">Postnatal Care</title><activities><activity type="page" order="1" digest="8b90cb91a57aa7d3827cdfbba4ed760325818"><title lang="ur">&#x627;&#x6C1;&#x645;&#x6CC;&#x62A;</title><title lang="en">Importance</title><image filename="/images/25818.png"/><location lang="en">09_25818_en.html</location></activity><activity type="page" order="2" digest="71f58f210c0cd3c24dd9f8514eda543b25819"><title lang="ur">&#x648;&#x632;&#x679; &#x6A9;&#x6D2; &#x645;&#x642;&#x627;&#x635;&#x62F;</title><title lang="en">Purpose of Visit</title><image filename="/images/25819.png"/><location lang="en">09_25819_en.html</location></activity><activity type="page" order="3" digest="371e43988c25b85721ace8a0f9e0d3d625823"><title lang="ur">&#x645;&#x6CC;&#x633;&#x62C; &#x6A9;&#x6CC; &#x6CC;&#x627;&#x62F;&#x62F;&#x6C1;&#x627;&#x646;&#x6CC;</title><title lang="en">Reinforcement of Desired Behavior</title><image filename="/images/25823.png"/><location lang="en">09_25823_en.html</location></activity></activities></section><section order="10"><title lang="ur">&#x62E;&#x637;&#x631;&#x6D2; &#x6A9;&#x6D2; &#x639;&#x644;&#x627;&#x645;&#x627;&#x62A;</title><title lang="en">Danger Signs after Delivery</title><activities><activity type="page" order="1" digest="db9130cbee64e8ccdcb504baf5d31b3b25824"><title lang="ur">&#x627;&#x6C1;&#x645;&#x6CC;&#x62A;</title><title lang="en">Importance</title><image filename="/images/25824.png"/><location lang="en">10_25824_en.html</location></activity><activity type="page" order="2" digest="dc842e6e371bcc1969d068dbf530235e25825"><title lang="ur">&#x648;&#x632;&#x679; &#x6A9;&#x6D2; &#x645;&#x642;&#x627;&#x635;&#x62F;</title><title lang="en">Purpose of Visit</title><image filename="/images/25825.png"/><location lang="en">10_25825_en.html</location></activity><activity type="page" order="3" digest="884290e980b818f3a600753d603e331725826"><title lang="ur">&#x645;&#x6CC;&#x633;&#x62C; &#x6A9;&#x6CC; &#x6CC;&#x627;&#x62F;&#x62F;&#x6C1;&#x627;&#x646;&#x6CC;</title><title lang="en">Reinforcement of Desired Behavior</title><image filename="/images/25826.png"/><location lang="en">10_25826_en.html</location></activity></activities></section><section order="11"><title lang="ur">&#x67E;&#x6CC;&#x62F;&#x627;&#x626;&#x634; &#x6A9;&#x6D2; &#x641;&#x648;&#x631;&#x627;&#x64B; &#x628;&#x639;&#x62F;</title><title lang="en">Early Newborn Care</title><activities><activity type="page" order="1" digest="12dd1e5427ff25b86f400262a8f83c9025827"><title lang="ur">&#x627;&#x6C1;&#x645;&#x6CC;&#x62A;</title><title lang="en">Importance</title><image filename="/images/25827.png"/><location lang="en">11_25827_en.html</location></activity><activity type="page" order="2" digest="3f53d015bba8f6198b783d960ae2a64e25828"><title lang="ur">&#x648;&#x632;&#x679; &#x6A9;&#x6D2; &#x645;&#x642;&#x627;&#x635;&#x62F;</title><title lang="en">Purpose of Visit</title><image filename="/images/25828.png"/><location lang="en">11_25828_en.html</location></activity><activity type="page" order="3" digest="0328121e80d9deb70edc236aca8be1a425829"><title lang="ur">&#x645;&#x6CC;&#x633;&#x62C; &#x6A9;&#x6CC; &#x6CC;&#x627;&#x62F;&#x62F;&#x6C1;&#x627;&#x646;&#x6CC;</title><title lang="en">Reinforcement of Desired Behavior</title><image filename="/images/25829.png"/><location lang="en">11_25829_en.html</location></activity></activities></section><section order="12"><title lang="ur">&#x62D;&#x641;&#x627;&#x638;&#x62A;&#x6CC; &#x679;&#x6CC;&#x6A9;&#x6D2;</title><title lang="en">Immunization</title><activities><activity type="page" order="1" digest="d88cb89762acecb9887b86424ef66d6125821"><title lang="ur">&#x627;&#x6C1;&#x645;&#x6CC;&#x62A;</title><title lang="en">Importance</title><location lang="en">12_25821_en.html</location></activity><activity type="page" order="2" digest="c8fbe3081366c77268ebaf15b645a44c25822"><title lang="ur">&#x648;&#x632;&#x679; &#x6A9;&#x6D2; &#x645;&#x642;&#x627;&#x635;&#x62F;</title><title lang="en">Purpose of Visit</title><image filename="/images/25822.png"/><location lang="en">12_25822_en.html</location></activity><activity type="page" order="3" digest="fc29c4ac02e11fe6743ed4ee576b160e25820"><title lang="ur">&#x645;&#x6CC;&#x633;&#x62C; &#x6A9;&#x6CC; &#x6CC;&#x627;&#x62F;&#x62F;&#x6C1;&#x627;&#x646;&#x6CC;</title><title lang="en">Reinforcement of Desired Behavior</title><image filename="/images/25820.png"/><location lang="en">12_25820_en.html</location></activity><activity type="page" order="4" digest="5067f9cd2907c9d08e3bd788638dc59921390"><title lang="ur">&#x648;&#x6CC;&#x688;&#x6CC;&#x648;</title><title lang="en">Reinforcement Video</title><media><file filename="Immunization.mp4" download_url="http://52.17.123.50/static/oppia/media/Immunization.m4v" digest="f514a76f7a23a0a1b5181c3405686282" filesize="2566461" length="56"/></media><location lang="en">12_21390_en.html</location></activity></activities></section><section order="13"><title lang="ur">&#x627;&#x633;&#x6C1;&#x627;&#x644; &#x6A9;&#x6CC; &#x628;&#x6CC;&#x645;&#x627;&#x631;&#x6CC;</title><title lang="en">Diarrhea Prevention</title><activities><activity type="page" order="1" digest="3c144dc0aeb5a949b74f9141cc9e72ce21392"><title lang="ur">&#x627;&#x6C1;&#x645;&#x6CC;&#x62A;</title><title lang="en">Importance</title><image filename="/images/21392.png"/><location lang="en">13_21392_en.html</location></activity><activity type="page" order="2" digest="1d2a65f6f9834a56fa47b59e06b9109921405"><title lang="ur">&#x648;&#x632;&#x679; &#x6A9;&#x6D2; &#x645;&#x642;&#x627;&#x635;&#x62F;</title><title lang="en">Purpose of Visit</title><image filename="/images/21405.png"/><location lang="en">13_21405_en.html</location></activity><activity type="page" order="3" digest="1d2a65f6f9834a56fa47b59e06b9109921393"><title lang="ur">&#x645;&#x6CC;&#x633;&#x62C; &#x6A9;&#x6CC; &#x6CC;&#x627;&#x62F;&#x62F;&#x6C1;&#x627;&#x646;&#x6CC;</title><title lang="en">Reinforcement of Desired Behavior</title><image filename="/images/21393.png"/><location lang="en">13_21393_en.html</location></activity><activity type="page" order="4" digest="18e8ab31fe6406857c9630bf6174728e21394"><title lang="ur">&#x648;&#x6CC;&#x688;&#x6CC;&#x648;</title><title lang="en">Reinforcement Video</title><media><file filename="Diarrhea_Prevention.mp4" download_url="https://s3-eu-west-1.amazonaws.com/oppia-pak-beehyv/Diarrhea_Prevention.mp4" digest="8569a9af357fe61ea6c8fb928e5bb940" filesize="6138489" length="97"/></media><location lang="en">13_21394_en.html</location></activity></activities></section><section order="14"><title lang="ur">&#x627;&#x627;&#x633;&#x6C1;&#x627;&#x644; &#x6A9;&#x627; &#x639;&#x644;&#x627;&#x62C;&#x6C1;</title><title lang="en">Diarrhea Cure</title><activities><activity type="page" order="1" digest="3c144dc0aeb5a949b74f9141cc9e72ce21396"><title lang="ur">&#x627;&#x6C1;&#x645;&#x6CC;&#x62A;</title><title lang="en">Importance</title><image filename="/images/21396.png"/><location lang="en">14_21396_en.html</location></activity><activity type="page" order="2" digest="1d2a65f6f9834a56fa47b59e06b9109921406"><title lang="ur">&#x648;&#x632;&#x679; &#x6A9;&#x6D2; &#x645;&#x642;&#x627;&#x635;&#x62F;</title><title lang="en">Purpose of Visit</title><image filename="/images/21406.png"/><location lang="en">14_21406_en.html</location></activity><activity type="page" order="3" digest="cdd0b2c764902d06553ac82f84037b2a21397"><title lang="ur">&#x645;&#x6CC;&#x633;&#x62C; &#x6A9;&#x6CC; &#x6CC;&#x627;&#x62F;&#x62F;&#x6C1;&#x627;&#x646;&#x6CC;</title><title lang="en">Reinforcement of Desired Behavior</title><image filename="/images/21397.png"/><location lang="en">14_21397_en.html</location></activity><activity type="page" order="4" digest="9f3ec65191d63a8f62f5e2739be8aadb21398"><title lang="ur">&#x648;&#x6CC;&#x688;&#x6CC;&#x648;</title><title lang="en">Reinforcement Video</title><media><file filename="Diarrhea_Cure.mp4" download_url="https://s3-eu-west-1.amazonaws.com/oppia-pak-beehyv/Diarrhea_Cure.mp4" digest="a766920803010c0d14836932ff425a0e" filesize="2381833" length="57"/></media><location lang="en">14_21398_en.html</location></activity></activities></section></structure><media><file filename="Family_planning_1.mp4" download_url="https://s3-eu-west-1.amazonaws.com/oppia-pak-beehyv/Family_planning_1.mp4" digest="bccdfe1885c6a5335a69cbbaaddc2274" filesize="1749852" length="34"/><file filename="Family_planning_2.mp4" download_url="https://s3-eu-west-1.amazonaws.com/oppia-pak-beehyv/Family_planning_2.mp4" digest="4a02d284337bb01f294b8316f6bfd32b" filesize="5262516" length="67"/><file filename="PAIMAN_antenatal.mp4" download_url="https://s3-eu-west-1.amazonaws.com/oppia-pak-beehyv/PAIMAN_antenatal.mp4" digest="bc6c60ebd38309eb7bec6be7ed5c7d12" filesize="3478502" length="41"/><file filename="Immunization.mp4" download_url="http://52.17.123.50/static/oppia/media/Immunization.m4v" digest="f514a76f7a23a0a1b5181c3405686282" filesize="2566461" length="56"/><file filename="Diarrhea_Prevention.mp4" download_url="https://s3-eu-west-1.amazonaws.com/oppia-pak-beehyv/Diarrhea_Prevention.mp4" digest="8569a9af357fe61ea6c8fb928e5bb940" filesize="6138489" length="97"/><file filename="Diarrhea_Cure.mp4" download_url="https://s3-eu-west-1.amazonaws.com/oppia-pak-beehyv/Diarrhea_Cure.mp4" digest="a766920803010c0d14836932ff425a0e" filesize="2381833" length="57"/></media></module>
