<?xml version="1.0"?>
<module><meta><versionid>20151104075703</versionid><priority>8</priority><server>http://demo.oppia-mobile.org/</server><title lang="ur">&#x627;&#x637;&#x631;&#x632;&#x650; &#x632;&#x646;&#x62F;&#x6AF;&#x6CC; &#x6A9;&#x627; &#x645;&#x6CC;&#x679;&#x631;&#x6A9;&#x633;</title><title lang="en">Life Stage Matrix</title><shortname>life-stage-matrix</shortname><description lang="en"></description><langs><lang>ur</lang><lang>en</lang></langs></meta><structure><section order="1"><title lang="ur">&#x632;&#x646;&#x62F;&#x6AF;&#x6CC; &#x6A9;&#x6D2; &#x645;&#x631;&#x62D;&#x644;&#x6D2; &#x6A9;&#x627; &#x686;&#x627;&#x631;&#x679;</title><title lang="en">Life Stage Matrix</title><activities><activity type="page" order="1" digest="6ecbb062ef85eced831604e10455fbd821459"><title lang="ur">&#x62F;&#x648;&#x631;&#x627;&#x646; &#x62D;&#x645;&#x644; &#x645;&#x639;&#x627;&#x626;&#x646;&#x6C1;</title><title lang="en">Antenatal Care</title><location lang="ur">01_21459_ur.html</location><location lang="en">01_21459_en.html</location></activity><activity type="page" order="2" digest="f68442471327206276b283b4d09711b421547"><title lang="ur">&#x67E;&#x6CC;&#x62F;&#x627;&#x626;&#x634; &#x6A9;&#x6CC; &#x62A;&#x6CC;&#x627;&#x631;&#x6CC;</title><title lang="en">Birth Preparedness</title><location lang="ur">01_21547_ur.html</location><location lang="en">01_21547_en.html</location></activity><activity type="page" order="3" digest="3277a3095760766b2ab504d3944e58c421456"><title lang="ur">&#x62A;&#x67E;&#x62F;&#x627;&#x626;&#x634; &#x645;&#x6CC;&#x6BA; &#x648;&#x642;&#x641;&#x6C1;</title><title lang="en">Birth Spacing</title><location lang="ur">01_21456_ur.html</location><location lang="en">01_21456_en.html</location></activity><activity type="page" order="4" digest="8a64a481fcd7b71399c5d2051f98721021550"><title lang="ur">&#x628;&#x686;&#x6D2; &#x6A9;&#x6CC; &#x635;&#x62D;&#x62A;:</title><title lang="en">Child Health</title><location lang="ur">01_21550_ur.html</location><location lang="en">01_21550_en.html</location></activity><activity type="page" order="5" digest="f0b7ee4ef3a43500182029d7fb6e28d821549"><title lang="ur">&#x646;&#x648;&#x632;&#x627;&#x626;&#x62F;&#x6C1; &#x6A9;&#x6CC; &#x62F;&#x6CC;&#x6A9;&#x6BE; &#x628;&#x6BE;&#x627;&#x644;</title><title lang="en">Early Newborn Care</title><location lang="ur">01_21549_ur.html</location><location lang="en">01_21549_en.html</location></activity><activity type="page" order="6" digest="45d628fe88174065b52fd7074cfde42821548"><title lang="ur">&#x67E;&#x6CC;&#x62F;&#x627;&#x626;&#x634; &#x6A9;&#x6D2; &#x628;&#x639;&#x62F; &#x6A9;&#x6CC; &#x627;&#x62D;&#x62A;&#x6CC;&#x627;&#x637;&#x6CC;&#x6BA;</title><title lang="en">Postnatal Care</title><location lang="ur">01_21548_ur.html</location><location lang="en">01_21548_en.html</location></activity></activities></section></structure></module>
