<?xml version="1.0"?>
<module><meta><versionid>20151113070233</versionid><priority>6</priority><server>http://demo.oppia-mobile.org/</server><title lang="ur">&#x645;&#x648;&#x628;&#x627;&#x626;&#x644; &#x6A9;&#x6D2; &#x632;&#x631;&#x6CC;&#x639;&#x6D2; &#x645;&#x634;&#x627;&#x648;&#x631;&#x62A;</title><title lang="en">mCounseling</title><shortname>mcounseling</shortname><description lang="en"></description><langs><lang>ur</lang><lang>en</lang></langs></meta><structure><section order="1"><title lang="ur">&#x62A;&#x67E;&#x62F;&#x627;&#x626;&#x634; &#x645;&#x6CC;&#x6BA; &#x648;&#x642;&#x641;&#x6C1;</title><title lang="en">Birth Spacing</title><activities><activity type="page" order="1" digest="af64e3b8f5c5aa2a9fd987b79fffca1c21391"><title lang="ur">&#x627;&#x6C1;&#x645;&#x6CC;&#x62A;</title><title lang="en">Importance</title><location lang="ur">01_21391_ur.html</location><location lang="en">01_21391_en.html</location></activity><activity type="page" order="2" digest="e8f3403ded1b5c9a8308d967736ad29221382"><title lang="ur">&#x648;&#x632;&#x679; &#x6A9;&#x6D2; &#x645;&#x642;&#x627;&#x635;&#x62F;</title><title lang="en">Purpose of Visit</title><location lang="ur">01_21382_ur.html</location><location lang="en">01_21382_en.html</location></activity><activity type="page" order="3" digest="803618d49bd1af882849d4fce27fa3ec21384"><title lang="ur">&#x645;&#x6CC;&#x633;&#x62C; &#x6A9;&#x6CC; &#x6CC;&#x627;&#x62F;&#x62F;&#x6C1;&#x627;&#x646;&#x6CC;</title><title lang="en">Reinforcement of Desired Behavior</title><location lang="ur">01_21384_ur.html</location><location lang="en">01_21384_en.html</location></activity><activity type="page" order="4" digest="3a4efcb04e856a7f304b8957130ef20521386"><title lang="ur">&#x648;&#x6CC;&#x688;&#x6CC;&#x648;</title><title lang="en">Reinforcement Video</title><media><file filename="Family_planning_1.mp4" download_url="https://s3-eu-west-1.amazonaws.com/oppia-pak-beehyv/Family_planning_1.mp4" digest="bccdfe1885c6a5335a69cbbaaddc2274" filesize="1749852" length="34"/><file filename="Family_planning_2.mp4" download_url="https://s3-eu-west-1.amazonaws.com/oppia-pak-beehyv/Family_planning_2.mp4" digest="4a02d284337bb01f294b8316f6bfd32b" filesize="5262516" length="67"/></media><location lang="ur">01_21386_ur.html</location><location lang="en">01_21386_en.html</location></activity></activities></section><section order="2"><title lang="ur">&#x62F;&#x648;&#x631;&#x627;&#x646; &#x650;&#x62D;&#x645;&#x644; &#x645;&#x639;&#x627;&#x626;&#x646;&#x6C1;</title><title lang="en">ANC Visit</title><activities><activity type="page" order="1" digest="58cecd622ef56b1e76b4aac807eb4e5421370"><title lang="ur">&#x627;&#x6C1;&#x645;&#x6CC;&#x62A;</title><title lang="en">Importance</title><location lang="ur">02_21370_ur.html</location><location lang="en">02_21370_en.html</location></activity><activity type="page" order="2" digest="d9beb8586c2b73e7af8f85e0c31af2ec21404"><title lang="ur">&#x648;&#x632;&#x679; &#x6A9;&#x6D2; &#x645;&#x642;&#x627;&#x635;&#x62F;</title><title lang="en">Purpose of Visit</title><location lang="ur">02_21404_ur.html</location><location lang="en">02_21404_en.html</location></activity><activity type="page" order="3" digest="778777186dbf22f4453ec445dd09f70f21395"><title lang="ur">&#x645;&#x6CC;&#x633;&#x62C; &#x6A9;&#x6CC; &#x6CC;&#x627;&#x62F;&#x62F;&#x6C1;&#x627;&#x646;&#x6CC;</title><title lang="en">Reinforcement of Desired Behavior</title><location lang="ur">02_21395_ur.html</location><location lang="en">02_21395_en.html</location></activity><activity type="page" order="4" digest="28b75d24cfabec02923fc15e862a102821373"><title lang="ur">&#x648;&#x6CC;&#x688;&#x6CC;&#x648;</title><title lang="en">Reinforcement Video</title><media><file filename="PAIMAN_antenatal.mp4" download_url="https://s3-eu-west-1.amazonaws.com/oppia-pak-beehyv/PAIMAN_antenatal.mp4" digest="bc6c60ebd38309eb7bec6be7ed5c7d12" filesize="3478502" length="41"/></media><location lang="ur">02_21373_ur.html</location><location lang="en">02_21373_en.html</location></activity></activities></section><section order="3"><title lang="ur">&#x62F;&#x648;&#x631;&#x627;&#x646; &#x650;&#x62D;&#x645;&#x644; &#x645;&#x639;&#x627;&#x626;&#x646;&#x6D2; &#x6A9;&#x6CC; &#x62A;&#x641;&#x635;&#x6CC;&#x644;&#x627;&#x62A;</title><title lang="en">Components of an ANC Visit</title><activities><activity type="page" order="1" digest="f8bf54ea2a27e7ff33e46a53db86707425803"><title lang="ur">&#x627;&#x6C1;&#x645;&#x6CC;&#x62A;</title><title lang="en">Importance</title><location lang="ur">03_25803_ur.html</location><location lang="en">03_25803_en.html</location></activity><activity type="page" order="2" digest="5c1fe3755d9860e2a6836789db8196c725804"><title lang="ur">&#x648;&#x632;&#x679; &#x6A9;&#x6D2; &#x645;&#x642;&#x627;&#x635;&#x62F;</title><title lang="en">Purpose of Visit</title><location lang="ur">03_25804_ur.html</location><location lang="en">03_25804_en.html</location></activity><activity type="page" order="3" digest="ef6512f4ca47726113977bca262c166825808"><title lang="ur">&#x645;&#x6CC;&#x633;&#x62C; &#x6A9;&#x6CC; &#x6CC;&#x627;&#x62F;&#x62F;&#x6C1;&#x627;&#x646;&#x6CC;</title><title lang="en">Reinforcement of Desired Behavior</title><location lang="ur">03_25808_ur.html</location><location lang="en">03_25808_en.html</location></activity></activities></section><section order="4"><title lang="ur">&#x63A;&#x630;&#x627;&#x60C; &#x641;&#x648;&#x644;&#x6A9; &#x627;&#x6CC;&#x633;&#x688; &#x627;&#x648;&#x631; &#x641;&#x648;&#x644;&#x627;&#x62F;</title><title lang="en">Nutrition, Iron and Folic Acid</title><activities><activity type="page" order="1" digest="f3f66f76e5187618e32501ef334ad16f25806"><title lang="ur">&#x627;&#x6C1;&#x645;&#x6CC;&#x62A;</title><title lang="en">Importance</title><location lang="ur">04_25806_ur.html</location><location lang="en">04_25806_en.html</location></activity><activity type="page" order="2" digest="73270c35ce4de214efff82b03c7d8d3025807"><title lang="ur">&#x648;&#x632;&#x679; &#x6A9;&#x6D2; &#x645;&#x642;&#x627;&#x635;&#x62F;</title><title lang="en">Purpose of Visit</title><location lang="ur">04_25807_ur.html</location><location lang="en">04_25807_en.html</location></activity><activity type="page" order="3" digest="bf2c9502339ac68e0f2b25be1063ac5325805"><title lang="ur">&#x645;&#x6CC;&#x633;&#x62C; &#x6A9;&#x6CC; &#x6CC;&#x627;&#x62F;&#x62F;&#x6C1;&#x627;&#x646;&#x6CC;</title><title lang="en">Reinforcement of Desired Behavior</title><location lang="ur">04_25805_ur.html</location><location lang="en">04_25805_en.html</location></activity></activities></section><section order="5"><title lang="ur">&#x62F;&#x648;&#x631;&#x627;&#x646;&#x650; &#x62D;&#x645;&#x644; &#x62E;&#x637;&#x631;&#x6D2; &#x6A9;&#x6D2; &#x639;&#x644;&#x627;&#x645;&#x627;&#x62A;</title><title lang="en">Danger Signs during Pregnancy</title><activities><activity type="page" order="1" digest="6ecb9af97bfc788664a1da3f54cab13025809"><title lang="ur">&#x627;&#x6C1;&#x645;&#x6CC;&#x62A;</title><title lang="en">Importance</title><location lang="ur">05_25809_ur.html</location><location lang="en">05_25809_en.html</location></activity><activity type="page" order="2" digest="44195d8a7bd73992e555f4e25cd4052725810"><title lang="ur">&#x648;&#x632;&#x679; &#x6A9;&#x6D2; &#x645;&#x642;&#x627;&#x635;&#x62F;</title><title lang="en">Purpose of Visit</title><location lang="ur">05_25810_ur.html</location><location lang="en">05_25810_en.html</location></activity><activity type="page" order="3" digest="ef6512f4ca47726113977bca262c166825811"><title lang="ur">&#x645;&#x6CC;&#x633;&#x62C; &#x6A9;&#x6CC; &#x6CC;&#x627;&#x62F;&#x62F;&#x6C1;&#x627;&#x646;&#x6CC;</title><title lang="en">Reinforcement of Desired Behavior</title><location lang="ur">05_25811_ur.html</location><location lang="en">05_25811_en.html</location></activity></activities></section><section order="6"><title lang="ur">&#x645;&#x627;&#x6BE;&#x631;&#x650; &#x632;&#x686;&#x6AF;&#x6CC; &#x6A9;&#x6CC; &#x627;&#x6C1;&#x645;&#x6CC;&#x62A;</title><title lang="en">Importance of Skilled Birth Attendant</title><activities><activity type="page" order="1" digest="8aabda1e3fc8a97f1962edc7a76a847f25812"><title lang="ur">&#x627;&#x6C1;&#x645;&#x6CC;&#x62A;</title><title lang="en">Importance</title><location lang="ur">06_25812_ur.html</location><location lang="en">06_25812_en.html</location></activity><activity type="page" order="2" digest="66d67a35c0f2366cc711efbfd0dfb83d25813"><title lang="ur">&#x648;&#x632;&#x679; &#x6A9;&#x6D2; &#x645;&#x642;&#x627;&#x635;&#x62F;</title><title lang="en">Purpose of Visit</title><location lang="ur">06_25813_ur.html</location><location lang="en">06_25813_en.html</location></activity><activity type="page" order="3" digest="c303cf9889c01d91b826952e1743710225814"><title lang="ur">&#x645;&#x6CC;&#x633;&#x62C; &#x6A9;&#x6CC; &#x6CC;&#x627;&#x62F;&#x62F;&#x6C1;&#x627;&#x646;&#x6CC;</title><title lang="en">Reinforcement of Desired Behavior</title><location lang="ur">06_25814_ur.html</location><location lang="en">06_25814_en.html</location></activity></activities></section><section order="7"><title lang="ur">&#x62A;&#x6CC;&#x646; &#x62A;&#x627;&#x62E;&#x6CC;&#x631;&#x6CC;&#x6BA;</title><title lang="en">Three Delays</title><activities><activity type="page" order="1" digest="f0d1ed6338f647af1a3d1a1885d10e0a25815"><title lang="ur">&#x627;&#x6C1;&#x645;&#x6CC;&#x62A;</title><title lang="en">Importance</title><location lang="ur">07_25815_ur.html</location><location lang="en">07_25815_en.html</location></activity><activity type="page" order="2" digest="c3c6e484bbf022fcab1b877e3786b95a25816"><title lang="ur">&#x648;&#x632;&#x679; &#x6A9;&#x6D2; &#x645;&#x642;&#x627;&#x635;&#x62F;</title><title lang="en">Purpose of Visit</title><location lang="ur">07_25816_ur.html</location><location lang="en">07_25816_en.html</location></activity><activity type="page" order="3" digest="394d15b8fb1619efb5a25d3f5e3ae32f25817"><title lang="ur">&#x645;&#x6CC;&#x633;&#x62C; &#x6A9;&#x6CC; &#x6CC;&#x627;&#x62F;&#x62F;&#x6C1;&#x627;&#x646;&#x6CC;</title><title lang="en">Reinforcement of Desired Behavior</title><location lang="ur">07_25817_ur.html</location><location lang="en">07_25817_en.html</location></activity></activities></section><section order="8"><title lang="ur">&#x62E;&#x637;&#x631;&#x6D2; &#x6A9;&#x6D2; &#x639;&#x644;&#x627;&#x645;&#x627;&#x62A;</title><title lang="en">Danger Signs During Delivery</title><activities><activity type="page" order="1" digest="49b17b9156da1552d3ec51c22566f27821387"><title lang="ur">&#x627;&#x6C1;&#x645;&#x6CC;&#x62A;</title><title lang="en">Importance</title><location lang="ur">08_21387_ur.html</location><location lang="en">08_21387_en.html</location></activity><activity type="page" order="2" digest="c3c6e484bbf022fcab1b877e3786b95a21388"><title lang="ur">&#x648;&#x632;&#x679; &#x6A9;&#x6D2; &#x645;&#x642;&#x627;&#x635;&#x62F;</title><title lang="en">Purpose of Visit</title><location lang="ur">08_21388_ur.html</location><location lang="en">08_21388_en.html</location></activity><activity type="page" order="3" digest="23df09570d9e09f84b5f1b8ffdf8749121389"><title lang="ur">&#x645;&#x6CC;&#x633;&#x62C; &#x6A9;&#x6CC; &#x6CC;&#x627;&#x62F;&#x62F;&#x6C1;&#x627;&#x646;&#x6CC;</title><title lang="en">Reinforcement of Desired Behavior</title><location lang="ur">08_21389_ur.html</location><location lang="en">08_21389_en.html</location></activity></activities></section><section order="9"><title lang="ur">&#x627;&#x628;&#x62A;&#x62F;&#x627;&#x626; &#x645;&#x639;&#x627;&#x626;&#x646;&#x6C1;</title><title lang="en">Postnatal Care</title><activities><activity type="page" order="1" digest="c7c50418f49d21e4061fb9e05ceafea225818"><title lang="ur">&#x627;&#x6C1;&#x645;&#x6CC;&#x62A;</title><title lang="en">Importance</title><location lang="ur">09_25818_ur.html</location><location lang="en">09_25818_en.html</location></activity><activity type="page" order="2" digest="3ea9de62417c4c3ab65b71e47f047d3725819"><title lang="ur">&#x648;&#x632;&#x679; &#x6A9;&#x6D2; &#x645;&#x642;&#x627;&#x635;&#x62F;</title><title lang="en">Purpose of Visit</title><location lang="ur">09_25819_ur.html</location><location lang="en">09_25819_en.html</location></activity><activity type="page" order="3" digest="b99f3ef5fff12bf2c1d421fbacf0231a25823"><title lang="ur">&#x645;&#x6CC;&#x633;&#x62C; &#x6A9;&#x6CC; &#x6CC;&#x627;&#x62F;&#x62F;&#x6C1;&#x627;&#x646;&#x6CC;</title><title lang="en">Reinforcement of Desired Behavior</title><location lang="ur">09_25823_ur.html</location><location lang="en">09_25823_en.html</location></activity></activities></section><section order="10"><title lang="ur">&#x62E;&#x637;&#x631;&#x6D2; &#x6A9;&#x6D2; &#x639;&#x644;&#x627;&#x645;&#x627;&#x62A;</title><title lang="en">Danger Signs after Delivery</title><activities><activity type="page" order="1" digest="68853d1e7da9a0b603bf1514bbd7746725824"><title lang="ur">&#x627;&#x6C1;&#x645;&#x6CC;&#x62A;</title><title lang="en">Importance</title><location lang="ur">10_25824_ur.html</location><location lang="en">10_25824_en.html</location></activity><activity type="page" order="2" digest="1df42e395825eb0ffdc22b4062571a1e25825"><title lang="ur">&#x648;&#x632;&#x679; &#x6A9;&#x6D2; &#x645;&#x642;&#x627;&#x635;&#x62F;</title><title lang="en">Purpose of Visit</title><location lang="ur">10_25825_ur.html</location><location lang="en">10_25825_en.html</location></activity><activity type="page" order="3" digest="8654076ed2e7281ce8d4a740c3ec90b525826"><title lang="ur">&#x645;&#x6CC;&#x633;&#x62C; &#x6A9;&#x6CC; &#x6CC;&#x627;&#x62F;&#x62F;&#x6C1;&#x627;&#x646;&#x6CC;</title><title lang="en">Reinforcement of Desired Behavior</title><location lang="ur">10_25826_ur.html</location><location lang="en">10_25826_en.html</location></activity></activities></section><section order="11"><title lang="ur">&#x67E;&#x6CC;&#x62F;&#x627;&#x626;&#x634; &#x6A9;&#x6D2; &#x641;&#x648;&#x631;&#x627;&#x64B; &#x628;&#x639;&#x62F;</title><title lang="en">Early Newborn Care</title><activities><activity type="page" order="1" digest="5ee0677bae691bee93f444c6244e694325827"><title lang="ur">&#x627;&#x6C1;&#x645;&#x6CC;&#x62A;</title><title lang="en">Importance</title><location lang="ur">11_25827_ur.html</location><location lang="en">11_25827_en.html</location></activity><activity type="page" order="2" digest="c90306ae653e36b56462513350654c9725828"><title lang="ur">&#x648;&#x632;&#x679; &#x6A9;&#x6D2; &#x645;&#x642;&#x627;&#x635;&#x62F;</title><title lang="en">Purpose of Visit</title><location lang="ur">11_25828_ur.html</location><location lang="en">11_25828_en.html</location></activity><activity type="page" order="3" digest="74bbbd092c9b2bb085bbd26662bb1d4e25829"><title lang="ur">&#x645;&#x6CC;&#x633;&#x62C; &#x6A9;&#x6CC; &#x6CC;&#x627;&#x62F;&#x62F;&#x6C1;&#x627;&#x646;&#x6CC;</title><title lang="en">Reinforcement of Desired Behavior</title><location lang="ur">11_25829_ur.html</location><location lang="en">11_25829_en.html</location></activity></activities></section><section order="12"><title lang="ur">&#x646;&#x648;&#x632;&#x627;&#x626;&#x62F;&#x6C1; &#x6A9;&#x6D2; &#x644;&#x6D3; &#x62E;&#x637;&#x631;&#x6D2; &#x6A9;&#x6D2; &#x639;&#x644;&#x627;&#x645;&#x627;&#x62A;</title><title lang="en">Danger Signs for Newborns</title><activities><activity type="page" order="1" digest="93e1bd397676724c901281ffa538fad925839"><title lang="ur">&#x627;&#x6C1;&#x645;&#x6CC;&#x62A;</title><title lang="en">Importance</title><location lang="ur">12_25839_ur.html</location><location lang="en">12_25839_en.html</location></activity><activity type="page" order="2" digest="5def97d1b64d684cebcf7bcc3fd5ec5625840"><title lang="ur">&#x648;&#x632;&#x679; &#x6A9;&#x6D2; &#x645;&#x642;&#x627;&#x635;&#x62F;</title><title lang="en">Purpose of Visit</title><location lang="ur">12_25840_ur.html</location><location lang="en">12_25840_en.html</location></activity><activity type="page" order="3" digest="64d66b225f67a6788b4fd667c71c3e0f25841"><title lang="ur">&#x645;&#x6CC;&#x633;&#x62C; &#x6A9;&#x6CC; &#x6CC;&#x627;&#x62F;&#x62F;&#x6C1;&#x627;&#x646;&#x6CC;</title><title lang="en">Reinforcement of Desired Behavior</title><location lang="ur">12_25841_ur.html</location><location lang="en">12_25841_en.html</location></activity></activities></section><section order="13"><title lang="ur">&#x679;&#x6BE;&#x646;&#x688; &#x633;&#x6D2; &#x628;&#x686;&#x627;&#x624;</title><title lang="en">Preventing Hypothermia</title><activities><activity type="page" order="1" digest="28460b2df6ddc5ff557f1fa97b3fa9e025842"><title lang="ur">&#x627;&#x6C1;&#x645;&#x6CC;&#x62A;</title><title lang="en">Importance</title><location lang="ur">13_25842_ur.html</location><location lang="en">13_25842_en.html</location></activity><activity type="page" order="2" digest="d41ff2a0f4ebb36cc0618a96cd1351f725843"><title lang="ur">&#x648;&#x632;&#x679; &#x6A9;&#x6D2; &#x645;&#x642;&#x627;&#x635;&#x62F;</title><title lang="en">Purpose of Visit</title><location lang="ur">13_25843_ur.html</location><location lang="en">13_25843_en.html</location></activity><activity type="page" order="3" digest="9789c369fe02aa6f5a53a8229be3943b25844"><title lang="ur">&#x645;&#x6CC;&#x633;&#x62C; &#x6A9;&#x6CC; &#x6CC;&#x627;&#x62F;&#x62F;&#x6C1;&#x627;&#x646;&#x6CC;</title><title lang="en">Reinforcement of Desired Behavior</title><location lang="ur">13_25844_ur.html</location><location lang="en">13_25844_en.html</location></activity></activities></section><section order="14"><title lang="ur">&#x67E;&#x6C1;&#x644;&#x6CC; &#x63A;&#x632;&#x627;: &#x645;&#x627;&#x6BA; &#x6A9;&#x627; &#x62F;&#x648;&#x62F;&#x6BE;</title><title lang="en">Early Initiation of Breastfeeding</title><activities><activity type="page" order="1" digest="15edba5cceb4cecc1bbcd38e3a449ed625821"><title lang="ur">&#x627;&#x6C1;&#x645;&#x6CC;&#x62A;</title><title lang="en">Importance</title><location lang="ur">14_25821_ur.html</location><location lang="en">14_25821_en.html</location></activity><activity type="page" order="2" digest="1acd80b537131480906f71cb476f4acd25822"><title lang="ur">&#x648;&#x632;&#x679; &#x6A9;&#x6D2; &#x645;&#x642;&#x627;&#x635;&#x62F;</title><title lang="en">Purpose of Visit</title><location lang="ur">14_25822_ur.html</location><location lang="en">14_25822_en.html</location></activity><activity type="page" order="3" digest="64d66b225f67a6788b4fd667c71c3e0f25820"><title lang="ur">&#x645;&#x6CC;&#x633;&#x62C; &#x6A9;&#x6CC; &#x6CC;&#x627;&#x62F;&#x62F;&#x6C1;&#x627;&#x646;&#x6CC;</title><title lang="en">Reinforcement of Desired Behavior</title><location lang="ur">14_25820_ur.html</location><location lang="en">14_25820_en.html</location></activity></activities></section><section order="15"><title lang="ur">&#x646;&#x627; &#x691;&#x648; &#x6A9;&#x6CC; &#x62D;&#x641;&#x627; &#x638;&#x62A;</title><title lang="en">Preventing Newborn Sepsis</title><activities><activity type="page" order="1" digest="5ee0677bae691bee93f444c6244e694325850"><title lang="ur">&#x627;&#x6C1;&#x645;&#x6CC;&#x62A;</title><title lang="en">Importance</title><location lang="ur">15_25850_ur.html</location><location lang="en">15_25850_en.html</location></activity><activity type="page" order="2" digest="4957ca7bfc903c36220201429807c9e525851"><title lang="ur">&#x648;&#x632;&#x679; &#x6A9;&#x6D2; &#x645;&#x642;&#x627;&#x635;&#x62F;</title><title lang="en">Purpose of Visit</title><location lang="ur">15_25851_ur.html</location><location lang="en">15_25851_en.html</location></activity><activity type="page" order="3" digest="b25574ef5568efe3a043e40216b3d10c25852"><title lang="ur">&#x645;&#x6CC;&#x633;&#x62C; &#x6A9;&#x6CC; &#x6CC;&#x627;&#x62F;&#x62F;&#x6C1;&#x627;&#x646;&#x6CC;</title><title lang="en">Reinforcement of Desired Behavior</title><location lang="ur">15_25852_ur.html</location><location lang="en">15_25852_en.html</location></activity></activities></section><section order="16"><title lang="ur">&#x686;&#x6BE; &#x645;&#x627;&#x6C1; &#x62A;&#x6A9; &#x635;&#x631;&#x656;&#x641; &#x645;&#x627;&#x6BA; &#x6A9;&#x627; &#x62F;&#x648;&#x62F;&#x6BE;</title><title lang="en">Exclusive Breastfeeding</title><activities><activity type="page" order="1" digest="29327b1ebdb71369b9fa3d239d9f599e25856"><title lang="ur">&#x627;&#x6C1;&#x645;&#x6CC;&#x62A;</title><title lang="en">Importance</title><location lang="ur">16_25856_ur.html</location><location lang="en">16_25856_en.html</location></activity><activity type="page" order="2" digest="2267c5919236c62602e4fa1292a3be4a25857"><title lang="ur">&#x648;&#x632;&#x679; &#x6A9;&#x6D2; &#x645;&#x642;&#x627;&#x635;&#x62F;</title><title lang="en">Purpose of Visit</title><location lang="ur">16_25857_ur.html</location><location lang="en">16_25857_en.html</location></activity><activity type="page" order="3" digest="0de1e19f2c58ba88c872776a3377795625858"><title lang="ur">&#x645;&#x6CC;&#x633;&#x62C; &#x6A9;&#x6CC; &#x6CC;&#x627;&#x62F;&#x62F;&#x6C1;&#x627;&#x646;&#x6CC;</title><title lang="en">Reinforcement of Desired Behavior</title><location lang="ur">16_25858_ur.html</location><location lang="en">16_25858_en.html</location></activity></activities></section><section order="17"><title lang="ur">&#x62A;&#x634;&#x646;&#x62C; &#x633;&#x6D2; &#x628;&#x686;&#x627;&#x624;</title><title lang="en">Preventing Tetanus</title><activities><activity type="page" order="1" digest="7605eda64e421b297eef5c2402db339525846"><title lang="ur">&#x627;&#x6C1;&#x645;&#x6CC;&#x62A;</title><title lang="en">Importance</title><location lang="ur">17_25846_ur.html</location><location lang="en">17_25846_en.html</location></activity><activity type="page" order="2" digest="114a215b8bf19102bb07a890aba2f58925847"><title lang="ur">&#x648;&#x632;&#x679; &#x6A9;&#x6D2; &#x645;&#x642;&#x627;&#x635;&#x62F;</title><title lang="en">Purpose of Visit</title><location lang="ur">17_25847_ur.html</location><location lang="en">17_25847_en.html</location></activity><activity type="page" order="3" digest="ef6512f4ca47726113977bca262c166825861"><title lang="ur">&#x645;&#x6CC;&#x633;&#x62C; &#x6A9;&#x6CC; &#x6CC;&#x627;&#x62F;&#x62F;&#x6C1;&#x627;&#x646;&#x6CC;</title><title lang="en">Reinforcement of Desired Behavior</title><location lang="ur">17_25861_ur.html</location><location lang="en">17_25861_en.html</location></activity></activities></section><section order="18"><title lang="ur">&#x62D;&#x641;&#x627;&#x638;&#x62A;&#x6CC; &#x679;&#x6CC;&#x6A9;&#x6D2;</title><title lang="en">Routine Immunization</title><activities><activity type="page" order="1" digest="4492a5b55a79da6bce96c18bb85369eb25859"><title lang="ur">&#x627;&#x6C1;&#x645;&#x6CC;&#x62A;</title><title lang="en">Importance</title><location lang="ur">18_25859_ur.html</location><location lang="en">18_25859_en.html</location></activity><activity type="page" order="2" digest="ac7ccca57eccca954150df99461d320425860"><title lang="ur">&#x648;&#x632;&#x679; &#x6A9;&#x6D2; &#x645;&#x642;&#x627;&#x635;&#x62F;</title><title lang="en">Purpose of Visit</title><location lang="ur">18_25860_ur.html</location><location lang="en">18_25860_en.html</location></activity><activity type="page" order="3" digest="faf2a5480b70d18e87b236b44dfc3f8c25848"><title lang="ur">&#x645;&#x6CC;&#x633;&#x62C; &#x6A9;&#x6CC; &#x6CC;&#x627;&#x62F;&#x62F;&#x6C1;&#x627;&#x646;&#x6CC;</title><title lang="en">Reinforcement of Desired Behavior</title><location lang="ur">18_25848_ur.html</location><location lang="en">18_25848_en.html</location></activity><activity type="page" order="4" digest="9c57ce4ee9dfbb492e5ca05bd143ba4421390"><title lang="ur">&#x648;&#x6CC;&#x688;&#x6CC;&#x648;</title><title lang="en">Reinforcement Video</title><media><file filename="Immunization.mp4" download_url="http://52.17.123.50/static/oppia/media/Immunization.m4v" digest="f514a76f7a23a0a1b5181c3405686282" filesize="2566461" length="56"/></media><location lang="ur">18_21390_ur.html</location><location lang="en">18_21390_en.html</location></activity></activities></section><section order="19"><title lang="ur">&#x633;&#x6C1;&#x627;&#x644; &#x6A9;&#x6CC; &#x628;&#x6CC;&#x645;&#x627;&#x631;&#x6CC;</title><title lang="en">Diarrhea Prevention</title><activities><activity type="page" order="1" digest="10a99e06b713d90fcb0cb329546cdda721392"><title lang="ur">&#x627;&#x6C1;&#x645;&#x6CC;&#x62A;</title><title lang="en">Importance</title><location lang="ur">19_21392_ur.html</location><location lang="en">19_21392_en.html</location></activity><activity type="page" order="2" digest="bade3d95e66c73c6b40b4a7525adc04221405"><title lang="ur">&#x648;&#x632;&#x679; &#x6A9;&#x6D2; &#x645;&#x642;&#x627;&#x635;&#x62F;</title><title lang="en">Purpose of Visit</title><location lang="ur">19_21405_ur.html</location><location lang="en">19_21405_en.html</location></activity><activity type="page" order="3" digest="64d66b225f67a6788b4fd667c71c3e0f21393"><title lang="ur">&#x645;&#x6CC;&#x633;&#x62C; &#x6A9;&#x6CC; &#x6CC;&#x627;&#x62F;&#x62F;&#x6C1;&#x627;&#x646;&#x6CC;</title><title lang="en">Reinforcement of Desired Behavior</title><location lang="ur">19_21393_ur.html</location><location lang="en">19_21393_en.html</location></activity><activity type="page" order="4" digest="109eabd5c91543b78db959a2158d897821394"><title lang="ur">&#x648;&#x6CC;&#x688;&#x6CC;&#x648;</title><title lang="en">Reinforcement Video</title><media><file filename="Diarrhea_Prevention.mp4" download_url="https://s3-eu-west-1.amazonaws.com/oppia-pak-beehyv/Diarrhea_Prevention.mp4" digest="8569a9af357fe61ea6c8fb928e5bb940" filesize="6138489" length="97"/></media><location lang="ur">19_21394_ur.html</location><location lang="en">19_21394_en.html</location></activity></activities></section><section order="20"><title lang="ur">&#x627;&#x633;&#x6C1;&#x627;&#x644; &#x6A9;&#x627; &#x639;&#x644;&#x627;&#x62C;</title><title lang="en">Diarrhea Cure</title><activities><activity type="page" order="1" digest="1f408e46cd5598e013a78f376e35330e21396"><title lang="ur">&#x627;&#x6C1;&#x645;&#x6CC;&#x62A;</title><title lang="en">Importance</title><location lang="ur">20_21396_ur.html</location><location lang="en">20_21396_en.html</location></activity><activity type="page" order="2" digest="3b35230a963a55193ffa21c427aa106221406"><title lang="ur">&#x648;&#x632;&#x679; &#x6A9;&#x6D2; &#x645;&#x642;&#x627;&#x635;&#x62F;</title><title lang="en">Purpose of Visit</title><location lang="ur">20_21406_ur.html</location><location lang="en">20_21406_en.html</location></activity><activity type="page" order="3" digest="ef6512f4ca47726113977bca262c166821397"><title lang="ur">&#x645;&#x6CC;&#x633;&#x62C; &#x6A9;&#x6CC; &#x6CC;&#x627;&#x62F;&#x62F;&#x6C1;&#x627;&#x646;&#x6CC;</title><title lang="en">Reinforcement of Desired Behavior</title><location lang="ur">20_21397_ur.html</location><location lang="en">20_21397_en.html</location></activity><activity type="page" order="4" digest="87c3ae3cab0d9010dfadb9c98703f02821398"><title lang="ur">&#x648;&#x6CC;&#x688;&#x6CC;&#x648;</title><title lang="en">Reinforcement Video</title><media><file filename="Diarrhea_Cure.mp4" download_url="https://s3-eu-west-1.amazonaws.com/oppia-pak-beehyv/Diarrhea_Cure.mp4" digest="a766920803010c0d14836932ff425a0e" filesize="2381833" length="57"/></media><location lang="ur">20_21398_ur.html</location><location lang="en">20_21398_en.html</location></activity></activities></section><section order="21"><title lang="ur">&#x633;&#x627;&#x6BA;&#x633; &#x6A9;&#x6CC; &#x628;&#x6CC;&#x645;&#x627;&#x631;&#x6CC;&#x627;&#x6BA;</title><title lang="en">Respiratory Tract Infection</title><activities><activity type="page" order="1" digest="80b76a82fe3fbcb86be7d8343c58863125863"><title lang="ur">&#x627;&#x6C1;&#x645;&#x6CC;&#x62A;</title><title lang="en">Importance</title><location lang="ur">21_25863_ur.html</location><location lang="en">21_25863_en.html</location></activity><activity type="page" order="2" digest="bde945d9e2a39eea7d2790a785da5c2c25864"><title lang="ur">&#x648;&#x632;&#x679; &#x6A9;&#x6D2; &#x645;&#x642;&#x627;&#x635;&#x62F;</title><title lang="en">Purpose of Visit</title><location lang="ur">21_25864_ur.html</location><location lang="en">21_25864_en.html</location></activity><activity type="page" order="3" digest="9ae3938208c11c1b8cb9ba6b6b0b058925866"><title lang="ur">&#x645;&#x6CC;&#x633;&#x62C; &#x6A9;&#x6CC; &#x6CC;&#x627;&#x62F;&#x62F;&#x6C1;&#x627;&#x646;&#x6CC;</title><title lang="en">Reinforcement of Desired Behavior</title><location lang="ur">21_25866_ur.html</location><location lang="en">21_25866_en.html</location></activity></activities></section><section order="22"><title lang="ur">&#x63A;&#x632;&#x627;&#x626; &#x6A9;&#x645;&#x6CC;</title><title lang="en">Acute Malnutrition</title><activities><activity type="page" order="1" digest="4d736363c2fdd7bbcc8fd60571b6cb3825862"><title lang="ur">&#x627;&#x6C1;&#x645;&#x6CC;&#x62A;</title><title lang="en">Importance</title><location lang="ur">22_25862_ur.html</location><location lang="en">22_25862_en.html</location></activity><activity type="page" order="2" digest="6aceb06280e2b8ebe9e54407f918c71925865"><title lang="ur">&#x648;&#x632;&#x679; &#x6A9;&#x6D2; &#x645;&#x642;&#x627;&#x635;&#x62F;</title><title lang="en">Purpose of Visit</title><location lang="ur">22_25865_ur.html</location><location lang="en">22_25865_en.html</location></activity><activity type="page" order="3" digest="64d66b225f67a6788b4fd667c71c3e0f25867"><title lang="ur">&#x645;&#x6CC;&#x633;&#x62C; &#x6A9;&#x6CC; &#x6CC;&#x627;&#x62F;&#x62F;&#x6C1;&#x627;&#x646;&#x6CC;</title><title lang="en">Reinforcement of Desired Behavior</title><location lang="ur">22_25867_ur.html</location><location lang="en">22_25867_en.html</location></activity></activities></section></structure><media><file filename="Family_planning_1.mp4" download_url="https://s3-eu-west-1.amazonaws.com/oppia-pak-beehyv/Family_planning_1.mp4" digest="bccdfe1885c6a5335a69cbbaaddc2274" filesize="1749852" length="34"/><file filename="Family_planning_2.mp4" download_url="https://s3-eu-west-1.amazonaws.com/oppia-pak-beehyv/Family_planning_2.mp4" digest="4a02d284337bb01f294b8316f6bfd32b" filesize="5262516" length="67"/><file filename="PAIMAN_antenatal.mp4" download_url="https://s3-eu-west-1.amazonaws.com/oppia-pak-beehyv/PAIMAN_antenatal.mp4" digest="bc6c60ebd38309eb7bec6be7ed5c7d12" filesize="3478502" length="41"/><file filename="Immunization.mp4" download_url="http://52.17.123.50/static/oppia/media/Immunization.m4v" digest="f514a76f7a23a0a1b5181c3405686282" filesize="2566461" length="56"/><file filename="Diarrhea_Prevention.mp4" download_url="https://s3-eu-west-1.amazonaws.com/oppia-pak-beehyv/Diarrhea_Prevention.mp4" digest="8569a9af357fe61ea6c8fb928e5bb940" filesize="6138489" length="97"/><file filename="Diarrhea_Cure.mp4" download_url="https://s3-eu-west-1.amazonaws.com/oppia-pak-beehyv/Diarrhea_Cure.mp4" digest="a766920803010c0d14836932ff425a0e" filesize="2381833" length="57"/></media></module>
