<?xml version="1.0" encoding="UTF-8"?>
<module><meta><versionid>20160615134605</versionid><priority>10</priority><server>http://demo.oppia-mobile.org/</server><sequencing>none</sequencing><tags>IPC-Toolkit,IPC,Introduction</tags><title lang="ur">آئی پی سی ٹولکِٹ کا تعارف</title><title lang="en">Intro to IPC Toolkit</title><shortname>ipc-toolkit</shortname><description lang="en"></description><langs><lang>ur</lang><lang>en</lang><lang>AR_SA</lang></langs></meta><structure><section order="1"><title lang="ur"><![CDATA[آئی پی سی ٹولکِٹ کا تعارف]]></title><title lang="en"><![CDATA[Intro to IPC Toolkit]]></title><activities><activity type="page" order="1" digest="75122e18943ea164fbdf6cd07bc41de521443"><title lang="ur">تعارف</title><title lang="en">Introduction</title><location lang="ur">01_21443_ur.html</location><location lang="en">01_21443_en.html</location></activity><activity type="page" order="2" digest="af8612c01cbaf9a7bd2cdb234689374721444"><title lang="ur">اہمیت</title><title lang="en">Importance</title><location lang="AR_SA">01_21444_ar_sa.html</location><location lang="ur">01_21444_ur.html</location><location lang="en">01_21444_en.html</location></activity><activity type="page" order="3" digest="acfceee874f96821db646d1022431e8321445"><title lang="ur">وزٹ کے مقاصد</title><title lang="en">Purpose of Visit</title><location lang="AR_SA">01_21445_ar_sa.html</location><location lang="ur">01_21445_ur.html</location><location lang="en">01_21445_en.html</location></activity><activity type="page" order="4" digest="e0f239b97ab66ba764b9131d51ea7f1b21446"><title lang="ur">بات کو غور سے سننا اور مسئلے کی تہہ تک پہنچنا</title><title lang="en">Step 1: Listen and Identify the Problem</title><location lang="AR_SA">01_21446_ar_sa.html</location><location lang="ur">01_21446_ur.html</location><location lang="en">01_21446_en.html</location></activity><activity type="page" order="5" digest="0658823219c4f03e8504ccfe61ad35d221447"><title lang="ur">دوسرا قدم : مسئلے کا حل تلاش کرنا</title><title lang="en">Step 2: Finding a Solution</title><location lang="AR_SA">01_21447_ar_sa.html</location><location lang="ur">01_21447_ur.html</location><location lang="en">01_21447_en.html</location></activity><activity type="page" order="6" digest="c5d55b85e20d1cc74ddb2877ed86ef2121448"><title lang="ur">تیسرا قدم : عملی کام</title><title lang="en">Step 3: Homework</title><location lang="AR_SA">01_21448_ar_sa.html</location><location lang="ur">01_21448_ur.html</location><location lang="en">01_21448_en.html</location></activity></activities></section></structure></module>
