<?xml version="1.0"?>
<module><meta><versionid>20151104080917</versionid><priority>10</priority><server>http://demo.oppia-mobile.org/</server><title lang="ur">&#x622;&#x626;&#x6CC; &#x67E;&#x6CC; &#x633;&#x6CC; &#x679;&#x648;&#x644;&#x6A9;&#x650;&#x679; &#x6A9;&#x627; &#x62A;&#x639;&#x627;&#x631;&#x641;</title><title lang="en">Intro to IPC Toolkit</title><shortname>ipc-toolkit</shortname><description lang="en"></description><langs><lang>ur</lang><lang>en</lang><lang>AR_SA</lang></langs></meta><structure><section order="1"><title lang="ur">&#x622;&#x626;&#x6CC; &#x67E;&#x6CC; &#x633;&#x6CC; &#x679;&#x648;&#x644;&#x6A9;&#x650;&#x679; &#x6A9;&#x627; &#x62A;&#x639;&#x627;&#x631;&#x641;</title><title lang="en">Intro to IPC Toolkit</title><activities><activity type="page" order="1" digest="46e42daed60dad58d8417e7fd04e13fc21443"><title lang="ur">&#x62A;&#x639;&#x627;&#x631;&#x641;</title><title lang="en">Introduction</title><location lang="en">01_21443_en.html</location></activity><activity type="page" order="2" digest="ceb3f085113dddd7c0e31e9c28f0054a21444"><title lang="ur">&#x627;&#x6C1;&#x645;&#x6CC;&#x62A;</title><title lang="en">Importance</title><location lang="AR_SA">01_21444_ar_sa.html</location></activity><activity type="page" order="3" digest="5816e9f6aee549554e61afc8059a699321445"><title lang="ur">&#x648;&#x632;&#x679; &#x6A9;&#x6D2; &#x645;&#x642;&#x627;&#x635;&#x62F;</title><title lang="en">Purpose of Visit</title><location lang="AR_SA">01_21445_ar_sa.html</location></activity><activity type="page" order="4" digest="48fc25eaf03c5dc0cb0b620c86c1772d21446"><title lang="ur">&#x628;&#x627;&#x62A; &#x6A9;&#x648; &#x63A;&#x648;&#x631; &#x633;&#x6D2; &#x633;&#x646;&#x646;&#x627; &#x627;&#x648;&#x631; &#x645;&#x633;&#x626;&#x644;&#x6D2; &#x6A9;&#x6CC; &#x62A;&#x6C1;&#x6C1; &#x62A;&#x6A9; &#x67E;&#x6C1;&#x646;&#x686;&#x646;&#x627;</title><title lang="en">Step 1: Listen and Identify the Problem</title><location lang="AR_SA">01_21446_ar_sa.html</location></activity><activity type="page" order="5" digest="8cc3637c9704d614076bfa0c420e40e521447"><title lang="ur">&#x62F;&#x648;&#x633;&#x631;&#x627; &#x642;&#x62F;&#x645; : &#x645;&#x633;&#x626;&#x644;&#x6D2; &#x6A9;&#x627; &#x62D;&#x644; &#x62A;&#x644;&#x627;&#x634; &#x6A9;&#x631;&#x646;&#x627;</title><title lang="en">Step 2: Finding a Solution</title><location lang="AR_SA">01_21447_ar_sa.html</location></activity><activity type="page" order="6" digest="e4f53454abf39babf127c78f2d7c8cbe21448"><title lang="ur">&#x62A;&#x6CC;&#x633;&#x631;&#x627; &#x642;&#x62F;&#x645; : &#x639;&#x645;&#x644;&#x6CC; &#x6A9;&#x627;&#x645;</title><title lang="en">Step 3: Homework</title><location lang="AR_SA">01_21448_ar_sa.html</location></activity></activities></section></structure></module>
