<?xml version="1.0"?>
<module><meta><versionid>20150526091051</versionid><priority>7</priority><server>http://oppia.dreamhosters.com/</server><title lang="ur">&#x645;&#x634;&#x627;&#x648;&#x631;&#x62A;&#x6CC; &#x6A9;&#x627;&#x631;&#x688;&#x632;</title><title lang="en">Counseling Cards</title><shortname>counseling cards</shortname><description lang="en"></description><langs><lang>ur</lang><lang>en</lang></langs></meta><structure><section order="1"><title lang="ur">&#x645;&#x634;&#x627;&#x648;&#x631;&#x62A;&#x6CC; &#x6A9;&#x627;&#x631;&#x688;&#x632;</title><title lang="en">Counseling Cards</title><activities><activity type="resource" order="1" digest="a25a7d4c2d1016a16b642b71ed7b69b422686"><title lang="en">IPC Toolkit</title><description lang="en"></description><location lang="en" type="application/pdf">/resources/IPCToolkit_part1.pdf</location></activity></activities></section></structure></module>
