<?xml version="1.0" encoding="UTF-8"?>
<module><meta><versionid>20160616101154</versionid><priority>6</priority><server>http://demo.oppia-mobile.org/</server><sequencing>none</sequencing><tags/><title lang="ur">موبائل کے زریعے مشاورت</title><title lang="en">mCounseling</title><shortname>mcounseling</shortname><description lang="en"></description><langs><lang>ur</lang><lang>en</lang><lang>sd</lang></langs></meta><structure><section order="1"><title lang="sd"><![CDATA[پیدائش میں وقفہ]]></title><title lang="ur"><![CDATA[پــــيــــدائــــش ۾ وقــــفــو]]></title><title lang="en"><![CDATA[Birth Spacing]]></title><activities><activity type="page" order="1" digest="af64e3b8f5c5aa2a9fd987b79fffca1c21391"><title lang="ur">اہمیت</title><title lang="en">Importance</title><location lang="ur">01_21391_ur.html</location><location lang="en">01_21391_en.html</location></activity><activity type="page" order="2" digest="8bd31dd80101c15d1e27d7e75c76482030845"><title lang="sd">پهريون قدم: ڳالهه ٻڌڻ ۽ مسئلي جي تهه تا ئين پهچڻ</title><title lang="ur">پہلا قدم: بات کو غور سے سننا اور مسئلے کی تہ تک پہنچنا</title><title lang="en">First Step: Active Listening</title><location lang="sd">01_30845_sd.html</location><location lang="ur">01_30845_ur.html</location><location lang="en">01_30845_en.html</location></activity><activity type="page" order="3" digest="74be1de8ffab638c9374db6a49a561bf30846"><title lang="sd">ٻيو قدم:  گڏ جي مسئلي جو حل ڳولهڻ.</title><title lang="ur">دوسرا  قدم: مل جل کر مسئلے کا حل تلاش کرنا</title><title lang="en">Second Step: Joint Problem Solving</title><location lang="sd">01_30846_sd.html</location><location lang="ur">01_30846_ur.html</location><location lang="en">01_30846_en.html</location></activity><activity type="page" order="4" digest="b4fedd9220b4ec05c11b0a900b687e4a21384"><title lang="sd">ٽيون قدم:  عملي ڪم</title><title lang="ur">تیسرا  قدم: عملی کام</title><title lang="en">Third Step: Action</title><location lang="sd">01_21384_sd.html</location><location lang="ur">01_21384_ur.html</location><location lang="en">01_21384_en.html</location></activity></activities></section><section order="2"><title lang="sd"><![CDATA[حمل دوران معائنو ڪرائڻ]]></title><title lang="ur"><![CDATA[دوران حمل معائنہ]]></title><title lang="en"><![CDATA[Antenatal Care Visits]]></title><activities><activity type="page" order="1" digest="58cecd622ef56b1e76b4aac807eb4e5421370"><title lang="ur">اہمیت</title><title lang="en">Importance</title><location lang="ur">02_21370_ur.html</location><location lang="en">02_21370_en.html</location></activity><activity type="page" order="2" digest="211874498aacda6e03294ff9e47709c430847"><title lang="sd">پهريون قدم: ڳالهه ٻڌڻ ۽ مسئلي جي تهه تا ئين پهچڻ</title><title lang="ur">پہلا قدم: بات کو غور سے سننا اور مسئلے کی تہ تک پہنچنا</title><title lang="en">First Step: Active Listening</title><location lang="sd">02_30847_sd.html</location><location lang="ur">02_30847_ur.html</location><location lang="en">02_30847_en.html</location></activity><activity type="page" order="3" digest="a0f6739acdb641ea1bfe4f37119a35a030848"><title lang="sd">ٻيو قدم:  گڏ جي مسئلي جو حل ڳولهڻ.</title><title lang="ur">دوسرا  قدم: مل جل کر مسئلے کا حل تلاش کرنا</title><title lang="en">Second Step: Joint Problem Solving</title><location lang="sd">02_30848_sd.html</location><location lang="ur">02_30848_ur.html</location><location lang="en">02_30848_en.html</location></activity><activity type="page" order="4" digest="3c3a4dfe0af6eebbcb18e18fe57f41e030852"><title lang="sd">ٽيون قدم:  عملي ڪم</title><title lang="ur">تیسرا  قدم: عملی کام</title><title lang="en">Third Step: Action</title><location lang="sd">02_30852_sd.html</location><location lang="ur">02_30852_ur.html</location><location lang="en">02_30852_en.html</location></activity></activities></section><section order="3"><title lang="ur"><![CDATA[Antenatal Check Up Details]]></title><title lang="en"><![CDATA[Antenatal Check Up Details]]></title><activities><activity type="page" order="1" digest="f8bf54ea2a27e7ff33e46a53db86707425803"><title lang="ur">اہمیت</title><title lang="en">Importance</title><location lang="ur">03_25803_ur.html</location><location lang="en">03_25803_en.html</location></activity><activity type="page" order="2" digest="2688826c99e9baebb0c9e15dfa5feefe30849"><title lang="sd">پهريون قدم: ڳالهه ٻڌڻ ۽ مسئلي جي تهه تا ئين پهچڻ</title><title lang="ur">پہلا قدم: بات کو غور سے سننا اور مسئلے کی تہ تک پہنچنا</title><title lang="en">First Step: Active Listening</title><location lang="sd">03_30849_sd.html</location><location lang="ur">03_30849_ur.html</location><location lang="en">03_30849_en.html</location></activity><activity type="page" order="3" digest="385bb993f4fedb3622019b31e129446830851"><title lang="sd">ٻيو قدم:  گڏ جي مسئلي جو حل ڳولهڻ.</title><title lang="ur">دوسرا  قدم: مل جل کر مسئلے کا حل تلاش کرنا</title><title lang="en">Second Step: Joint Problem Solving</title><location lang="sd">03_30851_sd.html</location><location lang="ur">03_30851_ur.html</location><location lang="en">03_30851_en.html</location></activity><activity type="page" order="4" digest="45ef5e2570089585ad9a8749ec99509225808"><title lang="sd">ٽيون قدم:  عملي ڪم</title><title lang="ur">تیسرا  قدم: عملی کام</title><title lang="en">Third Step: Action</title><location lang="sd">03_25808_sd.html</location><location lang="ur">03_25808_ur.html</location><location lang="en">03_25808_en.html</location></activity></activities></section><section order="4"><title lang="ur"><![CDATA[Food, Folic Acid and Iron
]]></title><title lang="en"><![CDATA[Food, Folic Acid and Iron
]]></title><activities><activity type="page" order="1" digest="f3f66f76e5187618e32501ef334ad16f25806"><title lang="ur">اہمیت</title><title lang="en">Importance</title><location lang="ur">04_25806_ur.html</location><location lang="en">04_25806_en.html</location></activity><activity type="page" order="2" digest="3430ab95ed01ccbdd0c60f41b76218a530854"><title lang="sd">پهريون قدم: ڳالهه ٻڌڻ ۽ مسئلي جي تهه تا ئين پهچڻ</title><title lang="ur">پہلا قدم: بات کو غور سے سننا اور مسئلے کی تہ تک پہنچنا</title><title lang="en">First Step: Active Listening</title><location lang="sd">04_30854_sd.html</location><location lang="ur">04_30854_ur.html</location><location lang="en">04_30854_en.html</location></activity><activity type="page" order="3" digest="f1844f7c88fe4cd4e22b5aba30ac4d0530855"><title lang="sd">ٻيو قدم:  گڏ جي مسئلي جو حل ڳولهڻ.</title><title lang="ur">دوسرا  قدم: مل جل کر مسئلے کا حل تلاش کرنا</title><title lang="en">Second Step: Joint Problem Solving</title><location lang="sd">04_30855_sd.html</location><location lang="ur">04_30855_ur.html</location><location lang="en">04_30855_en.html</location></activity><activity type="page" order="4" digest="aa5de360e68a8179f9df623bdc582f6d25805"><title lang="sd">ٽيون قدم:  عملي ڪم</title><title lang="ur">تیسرا  قدم: عملی کام</title><title lang="en">Third Step: Action</title><location lang="sd">04_25805_sd.html</location><location lang="ur">04_25805_ur.html</location><location lang="en">04_25805_en.html</location></activity></activities></section><section order="5"><title lang="sd"><![CDATA[حمل جي دوران خطري جون نشانيون]]></title><title lang="ur"><![CDATA[دوران حمل خطرے کی علامات]]></title><title lang="en"><![CDATA[Danger Signs During Pregnancy]]></title><activities><activity type="page" order="1" digest="6ecb9af97bfc788664a1da3f54cab13025809"><title lang="ur">اہمیت</title><title lang="en">Importance</title><location lang="ur">05_25809_ur.html</location><location lang="en">05_25809_en.html</location></activity><activity type="page" order="2" digest="9fc41adbd4ae33ac5b5989017e5f6aa630856"><title lang="sd">پهريون قدم: ڳالهه ٻڌڻ ۽ مسئلي جي تهه تا ئين پهچڻ</title><title lang="ur">پہلا قدم: بات کو غور سے سننا اور مسئلے کی تہ تک پہنچنا</title><title lang="en">First Step: Active Listening</title><location lang="sd">05_30856_sd.html</location><location lang="ur">05_30856_ur.html</location><location lang="en">05_30856_en.html</location></activity><activity type="page" order="3" digest="c535e7e29316d6b7f55321e36ebcc6cf30850"><title lang="sd">ٻيو قدم:  گڏ جي مسئلي جو حل ڳولهڻ.</title><title lang="ur">دوسرا  قدم: مل جل کر مسئلے کا حل تلاش کرنا</title><title lang="en">Second Step: Joint Problem Solving</title><location lang="sd">05_30850_sd.html</location><location lang="ur">05_30850_ur.html</location><location lang="en">05_30850_en.html</location></activity><activity type="page" order="4" digest="353c2526f91aff32884261d5914271ac25811"><title lang="sd">ٽيون قدم:  عملي ڪم</title><title lang="ur">تیسرا  قدم: عملی کام</title><title lang="en">Third Step: Action</title><location lang="sd">05_25811_sd.html</location><location lang="ur">05_25811_ur.html</location><location lang="en">05_25811_en.html</location></activity></activities></section><section order="6"><title lang="sd"><![CDATA[تربيت يافته ويم ڪرائڻ واري جي اهميت]]></title><title lang="ur"><![CDATA[ماہرِزچگی کی اہمیت]]></title><title lang="en"><![CDATA[Importance of Skilled Birth Attendant]]></title><activities><activity type="page" order="1" digest="8aabda1e3fc8a97f1962edc7a76a847f25812"><title lang="ur">اہمیت</title><title lang="en">Importance</title><location lang="ur">06_25812_ur.html</location><location lang="en">06_25812_en.html</location></activity><activity type="page" order="2" digest="49a77a8d38bb7d648be94c3332f0512930858"><title lang="sd">پهريون قدم: ڳالهه ٻڌڻ ۽ مسئلي جي تهه تا ئين پهچڻ</title><title lang="ur">پہلا قدم: بات کو غور سے سننا اور مسئلے کی تہ تک پہنچنا</title><title lang="en">First Step: Active Listening</title><location lang="sd">06_30858_sd.html</location><location lang="ur">06_30858_ur.html</location><location lang="en">06_30858_en.html</location></activity><activity type="page" order="3" digest="25da25b9ac077eb8b032437cb3cddb0c30857"><title lang="sd">ٻيو قدم:  گڏ جي مسئلي جو حل ڳولهڻ.</title><title lang="ur">دوسرا  قدم: مل جل کر مسئلے کا حل تلاش کرنا</title><title lang="en">Second Step: Joint Problem Solving</title><location lang="sd">06_30857_sd.html</location><location lang="ur">06_30857_ur.html</location><location lang="en">06_30857_en.html</location></activity><activity type="page" order="4" digest="18ce218df2b20d00df2ff53ce400923c25814"><title lang="sd">ٽيون قدم:  عملي ڪم</title><title lang="ur">تیسرا  قدم: عملی کام</title><title lang="en">Third Step: Action</title><location lang="sd">06_25814_sd.html</location><location lang="ur">06_25814_ur.html</location><location lang="en">06_25814_en.html</location></activity></activities></section><section order="7"><title lang="sd"><![CDATA[ٽن موقعن تي دير ڪرڻ]]></title><title lang="ur"><![CDATA[تین تاخیریں]]></title><title lang="en"><![CDATA[Three Delays]]></title><activities><activity type="page" order="1" digest="f0d1ed6338f647af1a3d1a1885d10e0a25815"><title lang="ur">اہمیت</title><title lang="en">Importance</title><location lang="ur">07_25815_ur.html</location><location lang="en">07_25815_en.html</location></activity><activity type="page" order="2" digest="065c51f310b3c0bdd0414654d560fe4630859"><title lang="sd">پهريون قدم: ڳالهه ٻڌڻ ۽ مسئلي جي تهه تا ئين پهچڻ</title><title lang="ur">پہلا قدم: بات کو غور سے سننا اور مسئلے کی تہ تک پہنچنا</title><title lang="en">First Step: Active Listening</title><location lang="sd">07_30859_sd.html</location><location lang="ur">07_30859_ur.html</location><location lang="en">07_30859_en.html</location></activity><activity type="page" order="3" digest="06ab99bb5c2db5399b81390293e9cb8c30860"><title lang="sd">ٻيو قدم:  گڏ جي مسئلي جو حل ڳولهڻ.</title><title lang="ur">دوسرا  قدم: مل جل کر مسئلے کا حل تلاش کرنا</title><title lang="en">Second Step: Joint Problem Solving</title><location lang="sd">07_30860_sd.html</location><location lang="ur">07_30860_ur.html</location><location lang="en">07_30860_en.html</location></activity><activity type="page" order="4" digest="eec07e11fe4c998f05bd066aca2dfde625817"><title lang="ur">ٽيون قدم:  عملي ڪم</title><title lang="en">Third Step: Action</title><location lang="sd">07_25817_sd.html</location><location lang="ur">07_25817_ur.html</location><location lang="en">07_25817_en.html</location></activity></activities></section><section order="8"><title lang="sd"><![CDATA[ويم دوران خطري جون نشانيون]]></title><title lang="ur"><![CDATA[خطرے کی علامات]]></title><title lang="en"><![CDATA[Danger Signs During Delivery]]></title><activities><activity type="page" order="1" digest="49b17b9156da1552d3ec51c22566f27821387"><title lang="ur">اہمیت</title><title lang="en">Importance</title><location lang="ur">08_21387_ur.html</location><location lang="en">08_21387_en.html</location></activity><activity type="page" order="2" digest="f9410c4e9e68b46e26f8813b1e406f4d30861"><title lang="sd">پهريون قدم: ڳالهه ٻڌڻ ۽ مسئلي جي تهه تا ئين پهچڻ</title><title lang="ur">پہلا قدم: بات کو غور سے سننا اور مسئلے کی تہ تک پہنچنا</title><title lang="en">First Step: Active Listening</title><location lang="sd">08_30861_sd.html</location><location lang="ur">08_30861_ur.html</location><location lang="en">08_30861_en.html</location></activity><activity type="page" order="3" digest="6695d2607d197982448a02c62c8e6a9730862"><title lang="sd">ٻيو قدم:  گڏ جي مسئلي جو حل ڳولهڻ.</title><title lang="ur">دوسرا  قدم: مل جل کر مسئلے کا حل تلاش کرنا</title><title lang="en">Second Step: Joint Problem Solving</title><location lang="sd">08_30862_sd.html</location><location lang="ur">08_30862_ur.html</location><location lang="en">08_30862_en.html</location></activity><activity type="page" order="4" digest="f6760a9266cbf8305e08351cdbf9153e21389"><title lang="sd">ٽيون قدم:  عملي ڪم</title><title lang="ur">تیسرا  قدم: عملی کام</title><title lang="en">Third Step: Action</title><location lang="sd">08_21389_sd.html</location><location lang="ur">08_21389_ur.html</location><location lang="en">08_21389_en.html</location></activity></activities></section><section order="9"><title lang="sd"><![CDATA[پيدائش کان پوءِ شروعاتي معائنو]]></title><title lang="ur"><![CDATA[ابتدائی معائنہ]]></title><title lang="en"><![CDATA[Postnatal Care]]></title><activities><activity type="page" order="1" digest="c7c50418f49d21e4061fb9e05ceafea225818"><title lang="ur">اہمیت</title><title lang="en">Importance</title><location lang="ur">09_25818_ur.html</location><location lang="en">09_25818_en.html</location></activity><activity type="page" order="2" digest="cabc72a678d99900aa167067982a39ad30863"><title lang="ur">پهريون قدم: ڳالهه ٻڌڻ ۽ مسئلي جي تهه تا ئين پهچڻ</title><title lang="en">First Step: Active Listening</title><location lang="sd">09_30863_sd.html</location><location lang="ur">09_30863_ur.html</location><location lang="en">09_30863_en.html</location></activity><activity type="page" order="3" digest="553b01c2c1bdbfa23a682535f34ce8cc30864"><title lang="ur">ٻيو قدم:  گڏ جي مسئلي جو حل ڳولهڻ.</title><title lang="en">Second Step: Joint Problem Solving</title><location lang="sd">09_30864_sd.html</location><location lang="ur">09_30864_ur.html</location><location lang="en">09_30864_en.html</location></activity><activity type="page" order="4" digest="d356c30d41cbdd2aa1c187941e1eb0da25823"><title lang="ur">ٽيون قدم:  عملي ڪم</title><title lang="en">Third Step: Action</title><location lang="sd">09_25823_sd.html</location><location lang="ur">09_25823_ur.html</location><location lang="en">09_25823_en.html</location></activity></activities></section><section order="10"><title lang="sd"><![CDATA[خطري جون نشانيون]]></title><title lang="ur"><![CDATA[پیدائش کے بعد  خطرے کی علامات]]></title><title lang="en"><![CDATA[Danger Signs After Delivery]]></title><activities><activity type="page" order="1" digest="68853d1e7da9a0b603bf1514bbd7746725824"><title lang="ur">اہمیت</title><title lang="en">Importance</title><location lang="ur">10_25824_ur.html</location><location lang="en">10_25824_en.html</location></activity><activity type="page" order="2" digest="67340e0a694e077b02a6883f1fef744b30865"><title lang="sd">پهريون قدم: ڳالهه ٻڌڻ ۽ مسئلي جي تهه تا ئين پهچڻ</title><title lang="ur">پہلا قدم: بات کو غور سے سننا اور مسئلے کی تہ تک پہنچنا</title><title lang="en">First Step: Active Listening</title><location lang="sd">10_30865_sd.html</location><location lang="ur">10_30865_ur.html</location><location lang="en">10_30865_en.html</location></activity><activity type="page" order="3" digest="4ddb2b1e88d19927680d8751394a340d30866"><title lang="sd">ٻيو قدم:  گڏ جي مسئلي جو حل ڳولهڻ.</title><title lang="ur">دوسرا  قدم: مل جل کر مسئلے کا حل تلاش کرنا</title><title lang="en">Second Step: Joint Problem Solving</title><location lang="sd">10_30866_sd.html</location><location lang="ur">10_30866_ur.html</location><location lang="en">10_30866_en.html</location></activity><activity type="page" order="4" digest="e9cf9aa671233f4e735b5435617c9e0b25826"><title lang="sd">ٽيون قدم:  عملي ڪم</title><title lang="ur">تیسرا  قدم: عملی کام</title><title lang="en">Third Step: Action</title><location lang="sd">10_25826_sd.html</location><location lang="ur">10_25826_ur.html</location><location lang="en">10_25826_en.html</location></activity></activities></section><section order="11"><title lang="sd"><![CDATA[پيدائش کان يڪدم پوءِ]]></title><title lang="ur"><![CDATA[پیدائش کے فوراً بعد]]></title><title lang="en"><![CDATA[Neonatal Checkup]]></title><activities><activity type="page" order="1" digest="5ee0677bae691bee93f444c6244e694325827"><title lang="ur">اہمیت</title><title lang="en">Importance</title><location lang="ur">11_25827_ur.html</location><location lang="en">11_25827_en.html</location></activity><activity type="page" order="2" digest="3a77db18474dacf75ab39649483752f230867"><title lang="sd">پهريون قدم: ڳالهه ٻڌڻ ۽ مسئلي جي تهه تا ئين پهچڻ</title><title lang="ur">پہلا قدم: بات کو غور سے سننا اور مسئلے کی تہ تک پہنچنا</title><title lang="en">First Step: Active Listening</title><location lang="sd">11_30867_sd.html</location><location lang="ur">11_30867_ur.html</location><location lang="en">11_30867_en.html</location></activity><activity type="page" order="3" digest="a807f875782f94f4527e0ffe5076cfe830868"><title lang="sd">ٻيو قدم:  گڏ جي مسئلي جو حل ڳولهڻ.</title><title lang="ur">دوسرا  قدم: مل جل کر مسئلے کا حل تلاش کرنا</title><title lang="en">Second Step: Joint Problem Solving</title><location lang="sd">11_30868_sd.html</location><location lang="ur">11_30868_ur.html</location><location lang="en">11_30868_en.html</location></activity><activity type="page" order="4" digest="68a313b0e7ed35abfeaa6debf1f44f1425829"><title lang="sd">ٽيون قدم:  عملي ڪم</title><title lang="ur">تیسرا  قدم: عملی کام</title><title lang="en">Third Step: Action</title><location lang="sd">11_25829_sd.html</location><location lang="ur">11_25829_ur.html</location><location lang="en">11_25829_en.html</location></activity></activities></section><section order="12"><title lang="sd"><![CDATA[نئين ڄاول ٻار ۾خطري جون نشانيون]]></title><title lang="ur"><![CDATA[خطرے کی علامات]]></title><title lang="en"><![CDATA[Danger Signs for Newborns]]></title><activities><activity type="page" order="1" digest="93e1bd397676724c901281ffa538fad925839"><title lang="ur">اہمیت</title><title lang="en">Importance</title><location lang="ur">12_25839_ur.html</location><location lang="en">12_25839_en.html</location></activity><activity type="page" order="2" digest="1b1b10b1bffe002fe55cb8ea869d7d7830869"><title lang="sd">پهريون قدم: ڳالهه ٻڌڻ ۽ مسئلي جي تهه تا ئين پهچڻ</title><title lang="ur">پہلا قدم: بات کو غور سے سننا اور مسئلے کی تہ تک پہنچنا</title><title lang="en">First Step: Active Listening</title><location lang="sd">12_30869_sd.html</location><location lang="ur">12_30869_ur.html</location><location lang="en">12_30869_en.html</location></activity><activity type="page" order="3" digest="f0a7eb57a92419522276e806f7530c3530870"><title lang="ur">دوسرا  قدم: مل جل کر مسئلے کا حل تلاش کرنا</title><title lang="en">Second Step: Joint Problem Solving</title><location lang="ur">12_30870_ur.html</location><location lang="en">12_30870_en.html</location></activity><activity type="page" order="4" digest="4f2177014681122f6e35d822436c628a25841"><title lang="sd">ٽيون قدم:  عملي ڪم</title><title lang="ur">تیسرا  قدم: عملی کام</title><title lang="en">Third Step: Action</title><location lang="sd">12_25841_sd.html</location><location lang="ur">12_25841_ur.html</location><location lang="en">12_25841_en.html</location></activity></activities></section><section order="13"><title lang="sd"><![CDATA[ٿڌ کان بچاء]]></title><title lang="ur"><![CDATA[ٹھنڈ سے بچاؤ]]></title><title lang="en"><![CDATA[Preventing Hypothermia]]></title><activities><activity type="page" order="1" digest="28460b2df6ddc5ff557f1fa97b3fa9e025842"><title lang="ur">اہمیت</title><title lang="en">Importance</title><location lang="ur">13_25842_ur.html</location><location lang="en">13_25842_en.html</location></activity><activity type="page" order="2" digest="f59af9ce64e7b85010a9f2edc69568ef30871"><title lang="sd">پهريون قدم: ڳالهه ٻڌڻ ۽ مسئلي جي تهه تا ئين پهچڻ</title><title lang="ur">پہلا قدم: بات کو غور سے سننا اور مسئلے کی تہ تک پہنچنا</title><title lang="en">First Step: Active Listening</title><location lang="sd">13_30871_sd.html</location><location lang="ur">13_30871_ur.html</location><location lang="en">13_30871_en.html</location></activity><activity type="page" order="3" digest="48dcaffa00b080988b82bb99dfe7419030874"><title lang="sd">ٻيو قدم:  گڏ جي مسئلي جو حل ڳولهڻ.</title><title lang="ur">دوسرا  قدم: مل جل کر مسئلے کا حل تلاش کرنا</title><title lang="en">Second Step: Joint Problem Solving</title><location lang="sd">13_30874_sd.html</location><location lang="ur">13_30874_ur.html</location><location lang="en">13_30874_en.html</location></activity><activity type="page" order="4" digest="ba72b381b863dc29c4a12e4082a290c325844"><title lang="sd">ٽيون قدم:  عملي ڪم</title><title lang="ur">تیسرا  قدم: عملی کام</title><title lang="en">Third Step: Action</title><location lang="sd">13_25844_sd.html</location><location lang="ur">13_25844_ur.html</location><location lang="en">13_25844_en.html</location></activity></activities></section><section order="14"><title lang="sd"><![CDATA[پهرين غذا : ماءُ جو کير]]></title><title lang="ur"><![CDATA[پہلی غذا : ماں کا دودھ]]></title><title lang="en"><![CDATA[Early Initiation of Breastfeeding]]></title><activities><activity type="page" order="1" digest="15edba5cceb4cecc1bbcd38e3a449ed625821"><title lang="ur">اہمیت</title><title lang="en">Importance</title><location lang="ur">14_25821_ur.html</location><location lang="en">14_25821_en.html</location></activity><activity type="page" order="2" digest="5c4eba0c381ad2a6832be675b8fc084a30873"><title lang="sd">پهريون قدم: ڳالهه ٻڌڻ ۽ مسئلي جي تهه تا ئين پهچڻ</title><title lang="ur">پہلا قدم: بات کو غور سے سننا اور مسئلے کی تہ تک پہنچنا</title><title lang="en">First Step: Active Listening</title><location lang="sd">14_30873_sd.html</location><location lang="ur">14_30873_ur.html</location><location lang="en">14_30873_en.html</location></activity><activity type="page" order="3" digest="be28b023e09cb46524713fbaa63f76e430872"><title lang="sd">ٻيو قدم:  گڏ جي مسئلي جو حل ڳولهڻ.</title><title lang="ur">دوسرا  قدم: مل جل کر مسئلے کا حل تلاش کرنا</title><title lang="en">Second Step: Joint Problem Solving</title><location lang="sd">14_30872_sd.html</location><location lang="ur">14_30872_ur.html</location><location lang="en">14_30872_en.html</location></activity><activity type="page" order="4" digest="2dcd13dea42cf1f879c41c1b806a7ab225820"><title lang="sd">ٽيون قدم:  عملي ڪم</title><title lang="ur">تیسرا  قدم: عملی کام</title><title lang="en">Third Step: Action</title><location lang="sd">14_25820_sd.html</location><location lang="ur">14_25820_ur.html</location><location lang="en">14_25820_en.html</location></activity></activities></section><section order="15"><title lang="sd"><![CDATA[ناڙي جي حفاظت]]></title><title lang="ur"><![CDATA[ناڑو کی حفاظت]]></title><title lang="en"><![CDATA[Preventing Newborn Sepsis]]></title><activities><activity type="page" order="1" digest="5ee0677bae691bee93f444c6244e694325850"><title lang="ur">اہمیت</title><title lang="en">Importance</title><location lang="ur">15_25850_ur.html</location><location lang="en">15_25850_en.html</location></activity><activity type="page" order="2" digest="e8c91183b47940841f46ef12ba44d9db30875"><title lang="sd">پهريون قدم: ڳالهه ٻڌڻ ۽ مسئلي جي تهه تا ئين پهچڻ</title><title lang="ur">پہلا قدم: بات کو غور سے سننا اور مسئلے کی تہ تک پہنچنا</title><title lang="en">First Step: Active Listening</title><location lang="sd">15_30875_sd.html</location><location lang="ur">15_30875_ur.html</location><location lang="en">15_30875_en.html</location></activity><activity type="page" order="3" digest="8dd5e0a7a4a0c3d39f45c1c152514d1830876"><title lang="sd">ٻيو قدم:  گڏ جي مسئلي جو حل ڳولهڻ.</title><title lang="ur">دوسرا  قدم: مل جل کر مسئلے کا حل تلاش کرنا</title><title lang="en">Second Step: Joint Problem Solving</title><location lang="sd">15_30876_sd.html</location><location lang="ur">15_30876_ur.html</location><location lang="en">15_30876_en.html</location></activity><activity type="page" order="4" digest="c7402fe9ef4e216f192f0b2c5d0badc325852"><title lang="sd">ٽيون قدم:  عملي ڪم</title><title lang="ur">تیسرا  قدم: عملی کام</title><title lang="en">Third Step: Action</title><location lang="sd">15_25852_sd.html</location><location lang="ur">15_25852_ur.html</location><location lang="en">15_25852_en.html</location></activity></activities></section><section order="16"><title lang="sd"><![CDATA[ڇهن مهينن تائين صرف ماءُ جو کير]]></title><title lang="ur"><![CDATA[چھ ماہ  تک صرف ماں کا دودھ]]></title><title lang="en"><![CDATA[Exclusive Breastfeeding]]></title><activities><activity type="page" order="1" digest="29327b1ebdb71369b9fa3d239d9f599e25856"><title lang="ur">اہمیت</title><title lang="en">Importance</title><location lang="ur">16_25856_ur.html</location><location lang="en">16_25856_en.html</location></activity><activity type="page" order="2" digest="a14e294260953e1303057efbd29c92ef30877"><title lang="sd">پهريون قدم: ڳالهه ٻڌڻ ۽ مسئلي جي تهه تا ئين پهچڻ</title><title lang="ur">پہلا قدم: بات کو غور سے سننا اور مسئلے کی تہ تک پہنچنا</title><title lang="en">First Step: Active Listening</title><location lang="sd">16_30877_sd.html</location><location lang="ur">16_30877_ur.html</location><location lang="en">16_30877_en.html</location></activity><activity type="page" order="3" digest="465b37993ac4edba43eaac042a95a13d30879"><title lang="sd">ٻيو قدم:  گڏ جي مسئلي جو حل ڳولهڻ.</title><title lang="ur">دوسرا  قدم: مل جل کر مسئلے کا حل تلاش کرنا</title><title lang="en">Second Step: Joint Problem Solving</title><location lang="sd">16_30879_sd.html</location><location lang="ur">16_30879_ur.html</location><location lang="en">16_30879_en.html</location></activity><activity type="page" order="4" digest="24731134cd7a2c33bbf57737c5740fe025858"><title lang="sd">ٽيون قدم:  عملي ڪم</title><title lang="ur">تیسرا  قدم: عملی کام</title><title lang="en">Third Step: Action</title><location lang="sd">16_25858_sd.html</location><location lang="ur">16_25858_ur.html</location><location lang="en">16_25858_en.html</location></activity></activities></section><section order="17"><title lang="sd"><![CDATA[Preventing Tetanus
تشنج  سے بچاؤ
تــــشـــــنــــج کــــان بـــچـــاءُ]]></title><title lang="ur"><![CDATA[Preventing Tetanus
تشنج  سے بچاؤ
تــــشـــــنــــج کــــان بـــچـــاءُ]]></title><title lang="en"><![CDATA[Preventing Tetanus
تشنج  سے بچاؤ
تــــشـــــنــــج کــــان بـــچـــاءُ]]></title><activities><activity type="page" order="1" digest="7605eda64e421b297eef5c2402db339525846"><title lang="ur">اہمیت</title><title lang="en">Importance</title><location lang="ur">17_25846_ur.html</location><location lang="en">17_25846_en.html</location></activity><activity type="page" order="2" digest="4d9bf8aec434e3bb40b5ac41bf02d90030878"><title lang="sd">پهريون قدم: ڳالهه ٻڌڻ ۽ مسئلي جي تهه تا ئين پهچڻ</title><title lang="ur">پہلا قدم: بات کو غور سے سننا اور مسئلے کی تہ تک پہنچنا</title><title lang="en">First Step: Active Listening</title><location lang="sd">17_30878_sd.html</location><location lang="ur">17_30878_ur.html</location><location lang="en">17_30878_en.html</location></activity><activity type="page" order="3" digest="0f09a2fb91626b31ae6014520e8f0b3430881"><title lang="sd">ٻيو قدم:  گڏ جي مسئلي جو حل ڳولهڻ.</title><title lang="ur">دوسرا  قدم: مل جل کر مسئلے کا حل تلاش کرنا</title><title lang="en">Second Step: Joint Problem Solving</title><location lang="sd">17_30881_sd.html</location><location lang="ur">17_30881_ur.html</location><location lang="en">17_30881_en.html</location></activity><activity type="page" order="4" digest="dae8d20b6f7c03f445018fb06579fb2525861"><title lang="sd">ٽيون قدم:  عملي ڪم</title><title lang="ur">تیسرا  قدم: عملی کام</title><title lang="en">Third Step: Action</title><location lang="sd">17_25861_sd.html</location><location lang="ur">17_25861_ur.html</location><location lang="en">17_25861_en.html</location></activity></activities></section><section order="18"><title lang="sd"><![CDATA[حــــفــــاظــتــي ٽــڪــا]]></title><title lang="ur"><![CDATA[حفاظتی ٹیکے]]></title><title lang="en"><![CDATA[Routine Immunization]]></title><activities><activity type="page" order="1" digest="4492a5b55a79da6bce96c18bb85369eb25859"><title lang="ur">اہمیت</title><title lang="en">Importance</title><location lang="ur">18_25859_ur.html</location><location lang="en">18_25859_en.html</location></activity><activity type="page" order="2" digest="f50ee5a143eb728eedf6fff56f5a648030880"><title lang="sd">پهريون قدم: ڳالهه ٻڌڻ ۽ مسئلي جي تهه تا ئين پهچڻ</title><title lang="ur">پہلا قدم: بات کو غور سے سننا اور مسئلے کی تہ تک پہنچنا</title><title lang="en">First Step: Active Listening</title><location lang="sd">18_30880_sd.html</location><location lang="ur">18_30880_ur.html</location><location lang="en">18_30880_en.html</location></activity><activity type="page" order="3" digest="c0adb6417c07b2ee144ce9c51346458330882"><title lang="sd">ٻيو قدم:  گڏ جي مسئلي جو حل ڳولهڻ.</title><title lang="ur">دوسرا  قدم: مل جل کر مسئلے کا حل تلاش کرنا</title><title lang="en">Second Step: Joint Problem Solving</title><location lang="sd">18_30882_sd.html</location><location lang="ur">18_30882_ur.html</location><location lang="en">18_30882_en.html</location></activity><activity type="page" order="4" digest="f729ed7d1a7e9672ffee72bfc4e4291f25848"><title lang="sd">ٽيون قدم:  عملي ڪم</title><title lang="ur">تیسرا  قدم: عملی کام</title><title lang="en">Third Step: Action</title><location lang="sd">18_25848_sd.html</location><location lang="ur">18_25848_ur.html</location><location lang="en">18_25848_en.html</location></activity></activities></section><section order="19"><title lang="sd"><![CDATA[دســتـــن کــان بــچــاءُ]]></title><title lang="ur"><![CDATA[اسہال سے بچاؤ]]></title><title lang="en"><![CDATA[Diarrhea Prevention]]></title><activities><activity type="page" order="1" digest="10a99e06b713d90fcb0cb329546cdda721392"><title lang="ur">اہمیت</title><title lang="en">Importance</title><location lang="ur">19_21392_ur.html</location><location lang="en">19_21392_en.html</location></activity><activity type="page" order="2" digest="a6cbc64e1224a180098fd57486197b2a30883"><title lang="sd">پهريون قدم: ڳالهه ٻڌڻ ۽ مسئلي جي تهه تا ئين پهچڻ</title><title lang="ur">پہلا قدم: بات کو غور سے سننا اور مسئلے کی تہ تک پہنچنا</title><title lang="en">First Step: Active Listening</title><location lang="sd">19_30883_sd.html</location><location lang="ur">19_30883_ur.html</location><location lang="en">19_30883_en.html</location></activity><activity type="page" order="3" digest="596a64b8ba015efac28bc568e506cd8730884"><title lang="sd">ٻيو قدم:  گڏ جي مسئلي جو حل ڳولهڻ.</title><title lang="ur">دوسرا  قدم: مل جل کر مسئلے کا حل تلاش کرنا</title><title lang="en">Second Step: Joint Problem Solving</title><location lang="sd">19_30884_sd.html</location><location lang="ur">19_30884_ur.html</location><location lang="en">19_30884_en.html</location></activity><activity type="page" order="4" digest="7df129f2a8a5195d707e1cb78b9e18e921393"><title lang="sd">ٽيون قدم:  عملي ڪم</title><title lang="ur">تیسرا  قدم: عملی کام</title><title lang="en">Third Step: Action</title><location lang="sd">19_21393_sd.html</location><location lang="ur">19_21393_ur.html</location><location lang="en">19_21393_en.html</location></activity></activities></section><section order="20"><title lang="sd"><![CDATA[دستن جو علاج]]></title><title lang="ur"><![CDATA[اسہال کا علاج]]></title><title lang="en"><![CDATA[Diarrhea Treatment]]></title><activities><activity type="page" order="1" digest="1f408e46cd5598e013a78f376e35330e21396"><title lang="ur">اہمیت</title><title lang="en">Importance</title><location lang="ur">20_21396_ur.html</location><location lang="en">20_21396_en.html</location></activity><activity type="page" order="2" digest="2ec10ee0fdd8daab47de4c82d3f0e55730885"><title lang="sd">پهريون قدم: ڳالهه ٻڌڻ ۽ مسئلي جي تهه تا ئين پهچڻ</title><title lang="ur">پہلا قدم: بات کو غور سے سننا اور مسئلے کی تہ تک پہنچنا</title><title lang="en">First Step: Active Listening</title><location lang="sd">20_30885_sd.html</location><location lang="ur">20_30885_ur.html</location><location lang="en">20_30885_en.html</location></activity><activity type="page" order="3" digest="7d6f1f0ef3af9a2b4e80252acd18b64a30886"><title lang="sd">ٻيو قدم:  گڏ جي مسئلي جو حل ڳولهڻ.</title><title lang="ur">دوسرا  قدم: مل جل کر مسئلے کا حل تلاش کرنا</title><title lang="en">Second Step: Joint Problem Solving</title><location lang="sd">20_30886_sd.html</location><location lang="ur">20_30886_ur.html</location><location lang="en">20_30886_en.html</location></activity><activity type="page" order="4" digest="41e84feb82c25c3e7d38553411aa4bf121397"><title lang="sd">ٽيون قدم:  عملي ڪم</title><title lang="ur">تیسرا  قدم: عملی کام</title><title lang="en">Third Step: Action</title><location lang="sd">20_21397_sd.html</location><location lang="ur">20_21397_ur.html</location><location lang="en">20_21397_en.html</location></activity></activities></section><section order="21"><title lang="sd"><![CDATA[ساهه جون بيماريون]]></title><title lang="ur"><![CDATA[سانس کی بیماریاں]]></title><title lang="en"><![CDATA[Acute Respiratory Infection]]></title><activities><activity type="page" order="1" digest="80b76a82fe3fbcb86be7d8343c58863125863"><title lang="ur">اہمیت</title><title lang="en">Importance</title><location lang="ur">21_25863_ur.html</location><location lang="en">21_25863_en.html</location></activity><activity type="page" order="2" digest="7c508b1f9d9165a8579e7e8358ac2a7430887"><title lang="sd">پهريون قدم: ڳالهه ٻڌڻ ۽ مسئلي جي تهه تا ئين پهچڻ</title><title lang="ur">پہلا قدم: بات کو غور سے سننا اور مسئلے کی تہ تک پہنچنا</title><title lang="en">First Step: Active Listening</title><location lang="sd">21_30887_sd.html</location><location lang="ur">21_30887_ur.html</location><location lang="en">21_30887_en.html</location></activity><activity type="page" order="3" digest="0db0e3bc00b3a45eded6281f7551ce2630888"><title lang="sd">ٻيو قدم:  گڏ جي مسئلي جو حل ڳولهڻ.</title><title lang="ur">دوسرا  قدم: مل جل کر مسئلے کا حل تلاش کرنا</title><title lang="en">Second Step: Joint Problem Solving</title><location lang="sd">21_30888_sd.html</location><location lang="ur">21_30888_ur.html</location><location lang="en">21_30888_en.html</location></activity><activity type="page" order="4" digest="7ec5e9bde2e9be733314ed8b8d87f12525866"><title lang="sd">ٽيون قدم:  عملي ڪم</title><title lang="ur">تیسرا  قدم: عملی کام</title><title lang="en">Third Step: Action</title><location lang="sd">21_25866_sd.html</location><location lang="ur">21_25866_ur.html</location><location lang="en">21_25866_en.html</location></activity></activities></section><section order="22"><title lang="sd"><![CDATA[غذا جي گهٽتائي]]></title><title lang="ur"><![CDATA[غذائی کمی]]></title><title lang="en"><![CDATA[Acute Malnutrition]]></title><activities><activity type="page" order="1" digest="4d736363c2fdd7bbcc8fd60571b6cb3825862"><title lang="ur">اہمیت</title><title lang="en">Importance</title><location lang="ur">22_25862_ur.html</location><location lang="en">22_25862_en.html</location></activity><activity type="page" order="2" digest="8f8a9c389c19163bb742b15bfb21984a30889"><title lang="sd">پهريون قدم: ڳالهه ٻڌڻ ۽ مسئلي جي تهه تا ئين پهچڻ</title><title lang="ur">پہلا قدم: بات کو غور سے سننا اور مسئلے کی تہ تک پہنچنا</title><title lang="en">First Step: Active Listening</title><location lang="sd">22_30889_sd.html</location><location lang="ur">22_30889_ur.html</location><location lang="en">22_30889_en.html</location></activity><activity type="page" order="3" digest="e2092acb418a14eedddc0d8dadb0d22630890"><title lang="sd">ٻيو قدم:  گڏ جي مسئلي جو حل ڳولهڻ.</title><title lang="ur">دوسرا  قدم: مل جل کر مسئلے کا حل تلاش کرنا</title><title lang="en">Second Step: Joint Problem Solving</title><location lang="sd">22_30890_sd.html</location><location lang="ur">22_30890_ur.html</location><location lang="en">22_30890_en.html</location></activity><activity type="page" order="4" digest="75240e8a817b0316467a7b240f84f02f25867"><title lang="sd">ٽيون قدم:  عملي ڪم</title><title lang="ur">تیسرا  قدم: عملی کام</title><title lang="en">Third Step: Action</title><location lang="sd">22_25867_sd.html</location><location lang="ur">22_25867_ur.html</location><location lang="en">22_25867_en.html</location></activity></activities></section></structure></module>
