<?xml version="1.0" encoding="UTF-8"?>
<module><meta><versionid>20160621140837</versionid><priority>9</priority><server>http://demo.oppia-mobile.org/</server><sequencing>none</sequencing><tags>Effective-counselling,Session</tags><title lang="ur">ایک مؤثر کونسلنگ سیشن کرنے کا طریقہ</title><title lang="en">How to have an effective counseling session</title><shortname>eff-counselling</shortname><description lang="en"></description><langs><lang>ur</lang><lang>en</lang></langs></meta><structure><section order="1"><title lang="ur"><![CDATA[ایک مؤثر کونسلنگ سیشن کرنے کا طریقہ]]></title><title lang="en"><![CDATA[How to Have an Effective Counseling Session]]></title><activities><activity type="page" order="1" digest="b5133e9a8954ff7c2574b048977d88e621461"><title lang="ur">فون کے زریعے مشاورت کرنا</title><title lang="en">Counseling a Client with Your Phone</title><location lang="en">01_21461_en.html</location></activity></activities></section><section order="2"><title lang="ur"><![CDATA[آئی پی سی کے حوالے سے تجاویز]]></title><title lang="en"><![CDATA[Tips for IPC]]></title><activities><activity type="page" order="1" digest="e79a04cc430f48c563e9805957ac2ddf21462"><title lang="ur">آئی پی سی کے حوالے سے تجاویز</title><title lang="en">Tips for IPC</title><location lang="en">02_21462_en.html</location></activity></activities></section></structure></module>
