<?xml version="1.0"?>
<module><meta><versionid>20150525111819</versionid><priority>10</priority><server>http://oppia.dreamhosters.com/</server><title lang="ur">&#x622;&#x626;&#x6CC; &#x67E;&#x6CC; &#x633;&#x6CC; &#x679;&#x648;&#x644;&#x6A9;&#x650;&#x679; &#x6A9;&#x627; &#x62A;&#x639;&#x627;&#x631;&#x641;</title><title lang="en">Intro to IPC Toolkit</title><shortname>intro to ipc toolkit &#x622;&#x626;&#x6CC; </shortname><description lang="ur">&#x622;&#x626;&#x6CC; &#x67E;&#x6CC; &#x633;&#x6CC; &#x679;&#x648;&#x644;&#x6A9;&#x650;&#x679; &#x6A9;&#x627; &#x62A;&#x639;&#x627;&#x631;&#x641;</description><description lang="en">Intro to IPC Toolkit</description><langs><lang>ur</lang><lang>en</lang></langs></meta><structure><section order="1"><title lang="ur">&#x622;&#x626;&#x6CC; &#x67E;&#x6CC; &#x633;&#x6CC; &#x679;&#x648;&#x644;&#x6A9;&#x650;&#x679; &#x6A9;&#x627; &#x62A;&#x639;&#x627;&#x631;&#x641;</title><title lang="en">Intro to IPC Toolkit</title><activities><activity type="resource" order="1" digest="a25a7d4c2d1016a16b642b71ed7b69b422685"><title lang="en">IPC Toolkit</title><description lang="en"></description><location lang="en" type="application/pdf">/resources/IPCToolkit_part1.pdf</location></activity></activities></section></structure></module>
