<?xml version="1.0" encoding="UTF-8"?>
<module><meta><versionid>20160615134753</versionid><priority>7</priority><server>http://demo.oppia-mobile.org/</server><sequencing>none</sequencing><tags>mLearning,Health,Content</tags><title lang="ur">مشاورتی کارڈز</title><title lang="en">Illustrations</title><shortname>illustration</shortname><description lang="ur">مشاورتی کارڈز</description><description lang="en">Illustrations</description><langs><lang>ur</lang><lang>en</lang></langs></meta><structure><section order="1"><title lang="ur"><![CDATA[مشاورتی کارڈز]]></title><title lang="en"><![CDATA[Illustrations]]></title><activities><activity type="page" order="1" digest="e71bc224aa923c379f384abed8876b6e26047"><title lang="ur">مشاورتی کارڈز</title><title lang="en">Illustrations</title><location lang="ur">01_26047_ur.html</location><location lang="en">01_26047_en.html</location></activity><activity type="page" order="2" digest="e71bc224aa923c379f384abed8876b6e30902"><title lang="ur">مشاورتی کارڈز</title><title lang="en">Illustrations</title><location lang="ur">01_30902_ur.html</location><location lang="en">01_30902_en.html</location></activity><activity type="resource" order="3" digest="73235b9d83cf971812c962935c5318ca32607"><title lang="ur">حمل کی حفاظت</title><title lang="en">Antenatal Care</title><description lang="ur">حمل کی حفاظت</description><description lang="en">Antenatal Care</description><location lang="en" type="application/pdf">/resources/Antenatal Care</location></activity><activity type="page" order="4" digest="69746e41834a250856cdc1fe118dee7830905"><title lang="ur">حمل کی حفاظت</title><title lang="en">Antenatal Care</title><location lang="ur">01_30905_ur.html</location><location lang="en">01_30905_en.html</location></activity></activities></section><section order="2"><title lang="ur"><![CDATA[پیدائش کی تیاری]]></title><title lang="en"><![CDATA[Birth Preparedness]]></title><activities><activity type="resource" order="1" digest="524309af1d7539588ef466a8b3056a8932609"><title lang="ur">پیدائش کی تیاری</title><title lang="en">Birth Preparedness</title><description lang="ur">پیدائش کی تیاری</description><description lang="en">Birth Preparedness</description><location lang="en" type="application/pdf">/resources/Birth Preparedness</location></activity><activity type="page" order="2" digest="34e46cc33bc608b235765348702cb18930907"><title lang="ur">پیدائش کی تیاری</title><title lang="en">Birth Preparedness</title><location lang="ur">02_30907_ur.html</location><location lang="en">02_30907_en.html</location></activity></activities></section><section order="3"><title lang="ur"><![CDATA[تپدائش میں وقفہ]]></title><title lang="en"><![CDATA[Birth Spacing]]></title><activities><activity type="resource" order="1" digest="aa0396928fbaa9941d4101c68572baca32611"><title lang="ur">تپدائش میں وقفہ</title><title lang="en">Birth Spacing</title><description lang="ur">تپدائش میں وقفہ</description><description lang="en">Birth Spacing</description><location lang="en" type="application/pdf">/resources/Birth Spacing</location></activity><activity type="page" order="2" digest="e739b6d493a9f0fd24d01498e127c36030909"><title lang="ur">تپدائش میں وقفہ</title><title lang="en">Birth Spacing</title><location lang="ur">03_30909_ur.html</location><location lang="en">03_30909_en.html</location></activity></activities></section><section order="4"><title lang="ur"><![CDATA[بچے کی صحت:]]></title><title lang="en"><![CDATA[Child Health]]></title><activities><activity type="resource" order="1" digest="0b8411e7dec6824ebad654b394a3e5f732613"><title lang="ur">بچے کی صحت:</title><title lang="en">Child Health</title><description lang="ur">بچے کی صحت:</description><description lang="en">Child Health</description><location lang="en" type="application/pdf">/resources/Child Health</location></activity><activity type="page" order="2" digest="3cc322fd04021e9c589c1db50cee3fde30911"><title lang="ur">بچے کی صحت:</title><title lang="en">Child Health</title><location lang="ur">04_30911_ur.html</location><location lang="en">04_30911_en.html</location></activity></activities></section><section order="5"><title lang="ur"><![CDATA[نوزائدہ کی دیکھ بھال]]></title><title lang="en"><![CDATA[Early Newborn Care]]></title><activities><activity type="resource" order="1" digest="7500cf177bef0a59ee16ac2a301e768732615"><title lang="ur">نوزائدہ کی دیکھ بھال</title><title lang="en">Early Newborn Care</title><description lang="ur">نوزائدہ کی دیکھ بھال</description><description lang="en">Early Newborn Care</description><location lang="en" type="application/pdf">/resources/Early Newborn</location></activity><activity type="page" order="2" digest="471188d1fcb088f21754d0f1e8e7c6be30913"><title lang="ur">نوزائدہ کی دیکھ بھال</title><title lang="en">Early Newborn Care</title><location lang="ur">05_30913_ur.html</location><location lang="en">05_30913_en.html</location></activity></activities></section><section order="6"><title lang="ur"><![CDATA[پیدائش کے بعد کی احتیاطیں]]></title><title lang="en"><![CDATA[Postnatal Care]]></title><activities><activity type="resource" order="1" digest="3ea7c1e5e9d4a9e5a857d3b0ee69534732617"><title lang="ur">پیدائش کے بعد کی احتیاطیں</title><title lang="en">Postnatal Care</title><description lang="ur">پیدائش کے بعد کی احتیاطیں</description><description lang="en">Postnatal Care</description><location lang="en" type="application/pdf">/resources/Postnatal Care</location></activity><activity type="page" order="2" digest="5e97fe3457aab474dac04ee2d3d693ba30915"><title lang="ur">پیدائش کے بعد کی احتیاطیں</title><title lang="en">Postnatal Care</title><location lang="ur">06_30915_ur.html</location><location lang="en">06_30915_en.html</location></activity></activities></section></structure></module>
