<?xml version="1.0"?>
<module><meta><versionid>20151115063514</versionid><priority>8</priority><server>http://demo.oppia-mobile.org/</server><title lang="ur">&#x632;&#x646;&#x62F;&#x6AF;&#x6CC; &#x6A9;&#x6D2; &#x645;&#x631;&#x62D;&#x644;&#x6D2; &#x6A9;&#x627; &#x686;&#x627;&#x631;&#x679;</title><title lang="en">Life Stage Matrix</title><shortname>lsm</shortname><description lang="en"></description><langs><lang>ur</lang><lang>en</lang></langs></meta><structure><section order="1"><title lang="ur">&#x62D;&#x645;&#x644; &#x6A9;&#x6CC; &#x62D;&#x641;&#x627;&#x638;&#x62A;</title><title lang="en">Antenatal Care</title><activities><activity type="resource" order="1" digest="73235b9d83cf971812c962935c5318ca27355"><title lang="ur">&#x62D;&#x645;&#x644; &#x6A9;&#x6CC; &#x62D;&#x641;&#x627;&#x638;&#x62A;</title><title lang="en">Antenatal Care</title><description lang="ur">&#x62D;&#x645;&#x644; &#x6A9;&#x6CC; &#x62D;&#x641;&#x627;&#x638;&#x62A;</description><description lang="en">Antenatal Care</description><location lang="en" type="application/pdf">/resources/Antenatal Care</location></activity><activity type="page" order="2" digest="69746e41834a250856cdc1fe118dee7826030"><title lang="ur">&#x62D;&#x645;&#x644; &#x6A9;&#x6CC; &#x62D;&#x641;&#x627;&#x638;&#x62A;</title><title lang="en">Antenatal Care</title><location lang="ur">01_26030_ur.html</location><location lang="en">01_26030_en.html</location></activity></activities></section><section order="2"><title lang="ur">&#x67E;&#x6CC;&#x62F;&#x627;&#x626;&#x634; &#x6A9;&#x6CC; &#x62A;&#x6CC;&#x627;&#x631;&#x6CC;</title><title lang="en">Birth Preparedness</title><activities><activity type="resource" order="1" digest="524309af1d7539588ef466a8b3056a8927356"><title lang="ur">&#x67E;&#x6CC;&#x62F;&#x627;&#x626;&#x634; &#x6A9;&#x6CC; &#x62A;&#x6CC;&#x627;&#x631;&#x6CC;</title><title lang="en">Birth Preparedness</title><description lang="ur">&#x67E;&#x6CC;&#x62F;&#x627;&#x626;&#x634; &#x6A9;&#x6CC; &#x62A;&#x6CC;&#x627;&#x631;&#x6CC;</description><description lang="en">Birth Preparedness</description><location lang="en" type="application/pdf">/resources/Birth Preparedness</location></activity><activity type="page" order="2" digest="34e46cc33bc608b235765348702cb18926031"><title lang="ur">&#x67E;&#x6CC;&#x62F;&#x627;&#x626;&#x634; &#x6A9;&#x6CC; &#x62A;&#x6CC;&#x627;&#x631;&#x6CC;</title><title lang="en">Birth Preparedness</title><location lang="ur">02_26031_ur.html</location><location lang="en">02_26031_en.html</location></activity></activities></section><section order="3"><title lang="ur">&#x62A;&#x67E;&#x62F;&#x627;&#x626;&#x634; &#x645;&#x6CC;&#x6BA; &#x648;&#x642;&#x641;&#x6C1;</title><title lang="en">Birth Spacing</title><activities><activity type="resource" order="1" digest="aa0396928fbaa9941d4101c68572baca27357"><title lang="ur">&#x62A;&#x67E;&#x62F;&#x627;&#x626;&#x634; &#x645;&#x6CC;&#x6BA; &#x648;&#x642;&#x641;&#x6C1;</title><title lang="en">Birth Spacing</title><description lang="ur">&#x62A;&#x67E;&#x62F;&#x627;&#x626;&#x634; &#x645;&#x6CC;&#x6BA; &#x648;&#x642;&#x641;&#x6C1;</description><description lang="en">Birth Spacing</description><location lang="en" type="application/pdf">/resources/Birth Spacing</location></activity><activity type="page" order="2" digest="e739b6d493a9f0fd24d01498e127c36026032"><title lang="ur">&#x62A;&#x67E;&#x62F;&#x627;&#x626;&#x634; &#x645;&#x6CC;&#x6BA; &#x648;&#x642;&#x641;&#x6C1;</title><title lang="en">Birth Spacing</title><location lang="ur">03_26032_ur.html</location><location lang="en">03_26032_en.html</location></activity></activities></section><section order="4"><title lang="ur">&#x628;&#x686;&#x6D2; &#x6A9;&#x6CC; &#x635;&#x62D;&#x62A;:</title><title lang="en">Child Health</title><activities><activity type="resource" order="1" digest="0b8411e7dec6824ebad654b394a3e5f727358"><title lang="ur">&#x628;&#x686;&#x6D2; &#x6A9;&#x6CC; &#x635;&#x62D;&#x62A;:</title><title lang="en">Child Health</title><description lang="ur">&#x628;&#x686;&#x6D2; &#x6A9;&#x6CC; &#x635;&#x62D;&#x62A;:</description><description lang="en">Child Health</description><location lang="en" type="application/pdf">/resources/Child Health</location></activity><activity type="page" order="2" digest="3cc322fd04021e9c589c1db50cee3fde26033"><title lang="ur">&#x628;&#x686;&#x6D2; &#x6A9;&#x6CC; &#x635;&#x62D;&#x62A;:</title><title lang="en">Child Health</title><location lang="ur">04_26033_ur.html</location><location lang="en">04_26033_en.html</location></activity></activities></section><section order="5"><title lang="ur">&#x646;&#x648;&#x632;&#x627;&#x626;&#x62F;&#x6C1; &#x6A9;&#x6CC; &#x62F;&#x6CC;&#x6A9;&#x6BE; &#x628;&#x6BE;&#x627;&#x644;</title><title lang="en">Early Newborn Care</title><activities><activity type="resource" order="1" digest="7500cf177bef0a59ee16ac2a301e768727359"><title lang="ur">&#x646;&#x648;&#x632;&#x627;&#x626;&#x62F;&#x6C1; &#x6A9;&#x6CC; &#x62F;&#x6CC;&#x6A9;&#x6BE; &#x628;&#x6BE;&#x627;&#x644;</title><title lang="en">Early Newborn Care</title><description lang="ur">&#x646;&#x648;&#x632;&#x627;&#x626;&#x62F;&#x6C1; &#x6A9;&#x6CC; &#x62F;&#x6CC;&#x6A9;&#x6BE; &#x628;&#x6BE;&#x627;&#x644;</description><description lang="en">Early Newborn Care</description><location lang="en" type="application/pdf">/resources/Early Newborn</location></activity><activity type="page" order="2" digest="471188d1fcb088f21754d0f1e8e7c6be26034"><title lang="ur">&#x646;&#x648;&#x632;&#x627;&#x626;&#x62F;&#x6C1; &#x6A9;&#x6CC; &#x62F;&#x6CC;&#x6A9;&#x6BE; &#x628;&#x6BE;&#x627;&#x644;</title><title lang="en">Early Newborn Care</title><location lang="ur">05_26034_ur.html</location><location lang="en">05_26034_en.html</location></activity></activities></section><section order="6"><title lang="ur">&#x67E;&#x6CC;&#x62F;&#x627;&#x626;&#x634; &#x6A9;&#x6D2; &#x628;&#x639;&#x62F; &#x6A9;&#x6CC; &#x627;&#x62D;&#x62A;&#x6CC;&#x627;&#x637;&#x6CC;&#x6BA;</title><title lang="en">Postnatal Care</title><activities><activity type="resource" order="1" digest="3ea7c1e5e9d4a9e5a857d3b0ee69534727360"><title lang="ur">&#x67E;&#x6CC;&#x62F;&#x627;&#x626;&#x634; &#x6A9;&#x6D2; &#x628;&#x639;&#x62F; &#x6A9;&#x6CC; &#x627;&#x62D;&#x62A;&#x6CC;&#x627;&#x637;&#x6CC;&#x6BA;</title><title lang="en">Postnatal Care</title><description lang="ur">&#x67E;&#x6CC;&#x62F;&#x627;&#x626;&#x634; &#x6A9;&#x6D2; &#x628;&#x639;&#x62F; &#x6A9;&#x6CC; &#x627;&#x62D;&#x62A;&#x6CC;&#x627;&#x637;&#x6CC;&#x6BA;</description><description lang="en">Postnatal Care</description><location lang="en" type="application/pdf">/resources/Postnatal Care</location></activity><activity type="page" order="2" digest="5e97fe3457aab474dac04ee2d3d693ba26035"><title lang="ur">&#x67E;&#x6CC;&#x62F;&#x627;&#x626;&#x634; &#x6A9;&#x6D2; &#x628;&#x639;&#x62F; &#x6A9;&#x6CC; &#x627;&#x62D;&#x62A;&#x6CC;&#x627;&#x637;&#x6CC;&#x6BA;</title><title lang="en">Postnatal Care</title><location lang="ur">06_26035_ur.html</location><location lang="en">06_26035_en.html</location></activity></activities></section></structure></module>
