<?xml version="1.0"?>
<module><meta><versionid>20150526091006</versionid><priority>8</priority><server>http://oppia.dreamhosters.com/</server><title lang="ur">&#x627;&#x637;&#x631;&#x632;&#x650; &#x632;&#x646;&#x62F;&#x6AF;&#x6CC; &#x6A9;&#x627; &#x645;&#x6CC;&#x679;&#x631;&#x6A9;&#x633;</title><title lang="en">Life Stage Matrix</title><shortname>life stage matrix &#x627;&#x637;&#x631;&#x632;&#x650; &#x632;</shortname><description lang="en"></description><langs><lang>ur</lang><lang>en</lang></langs></meta><structure><section order="1"><title lang="ur">&#x637;&#x631;&#x632;&#x650; &#x632;&#x646;&#x62F;&#x6AF;&#x6CC; &#x6A9;&#x627; &#x645;&#x6CC;&#x679;&#x631;&#x6A9;&#x633;</title><title lang="en">Life Stage Matrix</title><activities><activity type="page" order="1" digest="e1df4a40c4b8a3fddac3ebb01af7e01f21459"><title lang="ur">&#x62F;&#x648;&#x631;&#x627;&#x646; &#x62D;&#x645;&#x644; &#x645;&#x639;&#x627;&#x626;&#x646;&#x6C1;</title><title lang="en">Antenatal Care</title><location lang="en">01_21459_en.html</location></activity><activity type="page" order="2" digest="532089019c0bc6cee8165a1966bb15df21458"><title lang="ur">&#x62D;&#x641;&#x627;&#x638;&#x62A;&#x6CC; &#x679;&#x6CC;&#x6A9;&#x6D2;</title><title lang="en">Immunization</title><location lang="en">01_21458_en.html</location></activity><activity type="page" order="3" digest="9b4d79b00896cd0e780685a5fff7f9a921457"><title lang="ur">&#x627;&#x633;&#x6C1;&#x627;&#x644; &#x6A9;&#x6CC; &#x628;&#x6CC;&#x645;&#x627;&#x631;&#x6CC; / &#x627;&#x633;&#x6C1;&#x627;&#x644; &#x6A9;&#x627; &#x639;&#x644;&#x627;&#x62C;&#x6C1;</title><title lang="en">Diarrhea Prevention and Cure</title><location lang="en">01_21457_en.html</location></activity><activity type="page" order="4" digest="6d0920eeae9d021d8ba2f5d93061f6cf21456"><title lang="ur">&#x62A;&#x67E;&#x62F;&#x627;&#x626;&#x634; &#x645;&#x6CC;&#x6BA; &#x648;&#x642;&#x641;&#x6C1;</title><title lang="en">Birth Spacing</title><location lang="en">01_21456_en.html</location></activity></activities></section></structure></module>
