<?xml version="1.0"?>
<module><meta><versionid>20150525114502</versionid><priority>6</priority><server>http://oppia.dreamhosters.com/</server><title lang="en">mCounseling</title><shortname>mcounseling</shortname><description lang="en"></description><langs><lang>en</lang><lang>ur</lang></langs></meta><structure><section order="1"><title lang="ur">&#x62F;&#x648;&#x631;&#x627;&#x646; &#x62D;&#x645;&#x644; &#x645;&#x639;&#x627;&#x626;&#x646;&#x6C1;</title><title lang="en">4 ANC Visits</title><activities><activity type="page" order="1" digest="1d9fd8632ccdc67159ca83665de2ab1c21370"><title lang="ur">&#x627;&#x6C1;&#x645;&#x6CC;&#x62A;</title><title lang="en">Importance</title><image filename="/images/21370.png"/><location lang="en">01_21370_en.html</location></activity><activity type="page" order="2" digest="ad6c16cb3e41260c93356c49a9e9944e21404"><title lang="ur">&#x648;&#x632;&#x679; &#x6A9;&#x6D2; &#x645;&#x642;&#x627;&#x635;&#x62F;</title><title lang="en">Purpose of Visit</title><image filename="/images/21404.png"/><location lang="en">01_21404_en.html</location></activity><activity type="page" order="3" digest="7977073418f17f2834866d30d2ce3db921395"><title lang="ur">&#x645;&#x6CC;&#x633;&#x62C; &#x6A9;&#x6CC; &#x6CC;&#x627;&#x62F;&#x62F;&#x6C1;&#x627;&#x646;&#x6CC;</title><title lang="en">Reinforcement of Desired Behavior</title><image filename="/images/21395.png"/><location lang="en">01_21395_en.html</location></activity><activity type="page" order="4" digest="864ddf1d88f548e54b67e6bdff40e62021373"><title lang="ur">&#x648;&#x6CC;&#x688;&#x6CC;&#x648;</title><title lang="en">Reinforcement Video</title><media><file filename="PAIMAN_antenatal.mp4" download_url="https://s3-eu-west-1.amazonaws.com/oppia-pak-beehyv/PAIMAN_antenatal.mp4" digest="bc6c60ebd38309eb7bec6be7ed5c7d12" filesize="3478502" length="41"/></media><location lang="en">01_21373_en.html</location></activity></activities></section><section order="2"><title lang="ur">&#x62D;&#x641;&#x627;&#x638;&#x62A;&#x6CC; &#x679;&#x6CC;&#x6A9;&#x6D2;</title><title lang="en">Immunization</title><activities><activity type="page" order="1" digest="1d2866e7034733168a88db9215eebef021387"><title lang="ur">&#x627;&#x6C1;&#x645;&#x6CC;&#x62A;</title><title lang="en">Importance</title><image filename="/images/21387.png"/><location lang="en">02_21387_en.html</location></activity><activity type="page" order="2" digest="c8fbe3081366c77268ebaf15b645a44c21388"><title lang="ur">&#x648;&#x632;&#x679; &#x6A9;&#x6D2; &#x645;&#x642;&#x627;&#x635;&#x62F;</title><title lang="en">Purpose of Visit</title><image filename="/images/21388.png"/><location lang="en">02_21388_en.html</location></activity><activity type="page" order="3" digest="fc29c4ac02e11fe6743ed4ee576b160e21389"><title lang="ur">&#x645;&#x6CC;&#x633;&#x62C; &#x6A9;&#x6CC; &#x6CC;&#x627;&#x62F;&#x62F;&#x6C1;&#x627;&#x646;&#x6CC;</title><title lang="en">Reinforcement of Desired Behavior</title><image filename="/images/21389.png"/><location lang="en">02_21389_en.html</location></activity><activity type="page" order="4" digest="5067f9cd2907c9d08e3bd788638dc59921390"><title lang="ur">&#x648;&#x6CC;&#x688;&#x6CC;&#x648;</title><title lang="en">Reinforcement Video</title><media><file filename="Immunization.mp4" download_url="http://52.17.123.50/static/oppia/media/Immunization.m4v" digest="f514a76f7a23a0a1b5181c3405686282" filesize="2566461" length="56"/></media><location lang="en">02_21390_en.html</location></activity></activities></section><section order="3"><title lang="ur">&#x627;&#x633;&#x6C1;&#x627;&#x644; &#x6A9;&#x6CC; &#x628;&#x6CC;&#x645;&#x627;&#x631;&#x6CC;</title><title lang="en">Diarrhea Prevention</title><activities><activity type="page" order="1" digest="3c144dc0aeb5a949b74f9141cc9e72ce21392"><title lang="ur">&#x627;&#x6C1;&#x645;&#x6CC;&#x62A;</title><title lang="en">Importance</title><image filename="/images/21392.png"/><location lang="en">03_21392_en.html</location></activity><activity type="page" order="2" digest="1d2a65f6f9834a56fa47b59e06b9109921405"><title lang="ur">&#x648;&#x632;&#x679; &#x6A9;&#x6D2; &#x645;&#x642;&#x627;&#x635;&#x62F;</title><title lang="en">Purpose of Visit</title><image filename="/images/21405.png"/><location lang="en">03_21405_en.html</location></activity><activity type="page" order="3" digest="1d2a65f6f9834a56fa47b59e06b9109921393"><title lang="ur">&#x645;&#x6CC;&#x633;&#x62C; &#x6A9;&#x6CC; &#x6CC;&#x627;&#x62F;&#x62F;&#x6C1;&#x627;&#x646;&#x6CC;</title><title lang="en">Reinforcement of Desired Behavior</title><image filename="/images/21393.png"/><location lang="en">03_21393_en.html</location></activity><activity type="page" order="4" digest="18e8ab31fe6406857c9630bf6174728e21394"><title lang="ur">&#x648;&#x6CC;&#x688;&#x6CC;&#x648;</title><title lang="en">Reinforcement Video</title><media><file filename="Diarrhea_Prevention.mp4" download_url="https://s3-eu-west-1.amazonaws.com/oppia-pak-beehyv/Diarrhea_Prevention.mp4" digest="8569a9af357fe61ea6c8fb928e5bb940" filesize="6138489" length="97"/></media><location lang="en">03_21394_en.html</location></activity></activities></section><section order="4"><title lang="ur">&#x627;&#x627;&#x633;&#x6C1;&#x627;&#x644; &#x6A9;&#x627; &#x639;&#x644;&#x627;&#x62C;&#x6C1;</title><title lang="en">Diarrhea Cure</title><activities><activity type="page" order="1" digest="3c144dc0aeb5a949b74f9141cc9e72ce21396"><title lang="ur">&#x627;&#x6C1;&#x645;&#x6CC;&#x62A;</title><title lang="en">Importance</title><image filename="/images/21396.png"/><location lang="en">04_21396_en.html</location></activity><activity type="page" order="2" digest="1d2a65f6f9834a56fa47b59e06b9109921406"><title lang="ur">&#x648;&#x632;&#x679; &#x6A9;&#x6D2; &#x645;&#x642;&#x627;&#x635;&#x62F;</title><title lang="en">Purpose of Visit</title><image filename="/images/21406.png"/><location lang="en">04_21406_en.html</location></activity><activity type="page" order="3" digest="cdd0b2c764902d06553ac82f84037b2a21397"><title lang="ur">&#x645;&#x6CC;&#x633;&#x62C; &#x6A9;&#x6CC; &#x6CC;&#x627;&#x62F;&#x62F;&#x6C1;&#x627;&#x646;&#x6CC;</title><title lang="en">Reinforcement of Desired Behavior</title><image filename="/images/21397.png"/><location lang="en">04_21397_en.html</location></activity><activity type="page" order="4" digest="9f3ec65191d63a8f62f5e2739be8aadb21398"><title lang="ur">&#x648;&#x6CC;&#x688;&#x6CC;&#x648;</title><title lang="en">Reinforcement Video</title><media><file filename="Diarrhea_Cure.mp4" download_url="https://s3-eu-west-1.amazonaws.com/oppia-pak-beehyv/Diarrhea_Cure.mp4" digest="a766920803010c0d14836932ff425a0e" filesize="2381833" length="57"/></media><location lang="en">04_21398_en.html</location></activity></activities></section><section order="5"><title lang="ur">&#x62A;&#x67E;&#x62F;&#x627;&#x626;&#x634; &#x645;&#x6CC;&#x6BA; &#x648;&#x642;&#x641;&#x6C1;</title><title lang="en">Birth Spacing</title><activities><activity type="page" order="1" digest="58d7430aa176fb551b11f540381ef72421391"><title lang="ur">&#x627;&#x6C1;&#x645;&#x6CC;&#x62A;</title><title lang="en">Importance</title><image filename="/images/21391.png"/><location lang="en">05_21391_en.html</location></activity><activity type="page" order="2" digest="826f6a29366006b152ff0193ab493bc721382"><title lang="ur">&#x648;&#x632;&#x679; &#x6A9;&#x6D2; &#x645;&#x642;&#x627;&#x635;&#x62F;</title><title lang="en">Purpose of Visit</title><image filename="/images/21382.png"/><location lang="en">05_21382_en.html</location></activity><activity type="page" order="3" digest="bfe61a0118ec85198ae43f7767fb047a21384"><title lang="ur">&#x645;&#x6CC;&#x633;&#x62C; &#x6A9;&#x6CC; &#x6CC;&#x627;&#x62F;&#x62F;&#x6C1;&#x627;&#x646;&#x6CC;</title><title lang="en">Reinforcement of Desired Behavior</title><image filename="/images/21384.png"/><location lang="en">05_21384_en.html</location></activity><activity type="page" order="4" digest="a3a92c6d57f1d738f5f158e9942a1d3821386"><title lang="ur">&#x648;&#x6CC;&#x688;&#x6CC;&#x648;</title><title lang="en">Reinforcement Video</title><media><file filename="Family_planning_1.mp4" download_url="https://s3-eu-west-1.amazonaws.com/oppia-pak-beehyv/Family_planning_1.mp4" digest="bccdfe1885c6a5335a69cbbaaddc2274" filesize="1749852" length="34"/><file filename="Family_planning_2.mp4" download_url="https://s3-eu-west-1.amazonaws.com/oppia-pak-beehyv/Family_planning_2.mp4" digest="4a02d284337bb01f294b8316f6bfd32b" filesize="5262516" length="67"/></media><location lang="en">05_21386_en.html</location></activity></activities></section></structure><media><file filename="PAIMAN_antenatal.mp4" download_url="https://s3-eu-west-1.amazonaws.com/oppia-pak-beehyv/PAIMAN_antenatal.mp4" digest="bc6c60ebd38309eb7bec6be7ed5c7d12" filesize="3478502" length="41"/><file filename="Immunization.mp4" download_url="http://52.17.123.50/static/oppia/media/Immunization.m4v" digest="f514a76f7a23a0a1b5181c3405686282" filesize="2566461" length="56"/><file filename="Diarrhea_Prevention.mp4" download_url="https://s3-eu-west-1.amazonaws.com/oppia-pak-beehyv/Diarrhea_Prevention.mp4" digest="8569a9af357fe61ea6c8fb928e5bb940" filesize="6138489" length="97"/><file filename="Diarrhea_Cure.mp4" download_url="https://s3-eu-west-1.amazonaws.com/oppia-pak-beehyv/Diarrhea_Cure.mp4" digest="a766920803010c0d14836932ff425a0e" filesize="2381833" length="57"/><file filename="Family_planning_1.mp4" download_url="https://s3-eu-west-1.amazonaws.com/oppia-pak-beehyv/Family_planning_1.mp4" digest="bccdfe1885c6a5335a69cbbaaddc2274" filesize="1749852" length="34"/><file filename="Family_planning_2.mp4" download_url="https://s3-eu-west-1.amazonaws.com/oppia-pak-beehyv/Family_planning_2.mp4" digest="4a02d284337bb01f294b8316f6bfd32b" filesize="5262516" length="67"/></media></module>
