<?xml version="1.0"?>
<module><meta><versionid>20151113063044</versionid><priority>9</priority><server>http://demo.oppia-mobile.org/</server><title lang="ur">&#x627;&#x6CC;&#x6A9; &#x645;&#x624;&#x62B;&#x631; &#x6A9;&#x648;&#x646;&#x633;&#x644;&#x646;&#x6AF; &#x633;&#x6CC;&#x634;&#x646; &#x6A9;&#x631;&#x646;&#x6D2; &#x6A9;&#x627; &#x637;&#x631;&#x6CC;&#x642;&#x6C1;</title><title lang="en">How to have an effective counseling session</title><shortname>eff-counselling</shortname><description lang="en"></description><langs><lang>ur</lang><lang>en</lang></langs></meta><structure><section order="1"><title lang="ur">&#x627;&#x6CC;&#x6A9; &#x645;&#x624;&#x62B;&#x631; &#x6A9;&#x648;&#x646;&#x633;&#x644;&#x646;&#x6AF; &#x633;&#x6CC;&#x634;&#x646; &#x6A9;&#x631;&#x646;&#x6D2; &#x6A9;&#x627; &#x637;&#x631;&#x6CC;&#x642;&#x6C1;</title><title lang="en">How to Have an Effective Counseling Session</title><activities><activity type="page" order="1" digest="b5133e9a8954ff7c2574b048977d88e621461"><title lang="ur">&#x641;&#x648;&#x646; &#x6A9;&#x6D2; &#x632;&#x631;&#x6CC;&#x639;&#x6D2; &#x645;&#x634;&#x627;&#x648;&#x631;&#x62A; &#x6A9;&#x631;&#x646;&#x627;</title><title lang="en">Counseling a Client with Your Phone</title><location lang="en">01_21461_en.html</location></activity></activities></section><section order="2"><title lang="ur">&#x622;&#x626;&#x6CC; &#x67E;&#x6CC; &#x633;&#x6CC; &#x6A9;&#x6D2; &#x62D;&#x648;&#x627;&#x644;&#x6D2; &#x633;&#x6D2; &#x62A;&#x62C;&#x627;&#x648;&#x6CC;&#x632;</title><title lang="en">Tips for IPC</title><activities><activity type="page" order="1" digest="e79a04cc430f48c563e9805957ac2ddf21462"><title lang="ur">&#x622;&#x626;&#x6CC; &#x67E;&#x6CC; &#x633;&#x6CC; &#x6A9;&#x6D2; &#x62D;&#x648;&#x627;&#x644;&#x6D2; &#x633;&#x6D2; &#x62A;&#x62C;&#x627;&#x648;&#x6CC;&#x632;</title><title lang="en">Tips for IPC</title><location lang="en">02_21462_en.html</location></activity></activities></section></structure></module>
